customer_id,name,gender,join_date,region,device,num_transactions,total_spent,last_purchase_date
1,"Kayla Preston",F,2023-04-14,"Rhode Island",Desktop,2,1777.38,2025-05-26
2,"Melissa West",F,2023-09-21,Virginia,Desktop,2,1188.36,2025-06-01
3,"Martin Blackwell",F,2024-11-10,Maryland,Mobile,0,NULL,NULL
4,"Christopher Williams",M,2023-12-08,Nebraska,Desktop,0,NULL,NULL
5,"Christopher Hernandez",F,2024-09-09,Kansas,Tablet,1,157.45,2025-01-26
6,"Amanda Charles",M,2023-03-01,"South Carolina",Tablet,2,1485.49,2024-11-27
7,"Gina Allen",F,2023-11-06,Maine,Desktop,0,NULL,NULL
8,"Tyler Johnston",F,2022-11-30,"North Dakota",Tablet,1,60.68,2023-09-15
9,"Yvette Scott",M,2023-11-07,Indiana,Desktop,2,1206.38,2025-03-28
10,"Kyle Reyes",M,2022-09-10,Louisiana,Mobile,1,85.23,2023-10-09
11,"Diana Sullivan",F,2023-07-08,"New York",Mobile,1,517.10,2024-09-29
12,"Debra Cunningham",F,2022-09-17,Michigan,Mobile,3,2820.66,2025-07-11
13,"Eddie Watkins",F,2023-11-20,"South Carolina",Tablet,1,82.66,2024-08-18
14,"Brian Wallace",M,2024-10-18,"New Jersey",Mobile,2,867.11,2025-01-26
15,"Kimberly Warren",M,2022-09-14,Illinois,Desktop,0,NULL,NULL
16,"Justin Anderson",M,2023-03-31,Oklahoma,Tablet,0,NULL,NULL
17,"Jessica Mccarthy",M,2023-10-05,Minnesota,Tablet,2,1338.22,2024-09-20
18,"Steve Stevens",M,2025-02-19,Georgia,Desktop,4,2533.25,2025-08-01
19,"Greg Wilkerson",F,2024-01-27,California,Tablet,5,2677.62,2025-05-28
20,"Alan Bartlett",M,2025-07-28,"Rhode Island",Mobile,2,939.19,2024-02-22
21,"Michelle Williamson",F,2023-06-27,Wyoming,Desktop,2,624.65,2025-04-24
22,"Tiffany Harrison",M,2024-03-17,Wisconsin,Desktop,2,774.23,2024-12-28
23,"Kyle Sherman",F,2025-04-27,"New Jersey",Tablet,2,1056.68,2024-07-05
24,"David Bradshaw",M,2024-06-17,"West Virginia",Tablet,2,889.91,2024-07-10
25,"Robert Phillips",F,2025-04-11,Kentucky,Mobile,3,1572.18,2024-10-24
26,"Melissa Ortiz",F,2024-05-08,Minnesota,Desktop,4,2093.39,2025-07-09
27,"Timothy Hawkins",M,2024-12-18,Massachusetts,Tablet,0,NULL,NULL
28,"Richard Reyes",M,2023-07-04,Kentucky,Tablet,2,1383.79,2024-11-28
29,"Jessica Rogers",F,2023-04-08,Oregon,Desktop,0,NULL,NULL
30,"Joshua Nielsen",M,2025-01-19,"North Carolina",Mobile,0,NULL,NULL
31,"Ryan Brown",M,2022-10-26,Oregon,Desktop,2,1249.32,2024-02-15
32,"Wayne Martinez",M,2022-12-13,Oregon,Desktop,1,97.08,2025-07-27
33,"Stacey Mitchell",M,2025-08-01,Tennessee,Mobile,3,2230.44,2025-02-17
34,"Gabriel Black",M,2023-01-11,Delaware,Desktop,2,1525.20,2024-01-28
35,"Paul Zamora",F,2025-05-27,"South Carolina",Desktop,2,1312.42,2024-05-10
36,"David Jordan",F,2024-12-25,Wyoming,Tablet,3,1586.90,2025-03-17
37,"Rebecca West",F,2025-03-27,"Rhode Island",Mobile,2,523.86,2025-04-10
38,"Ashley Lopez",M,2024-11-13,Missouri,Mobile,0,NULL,NULL
39,"Thomas Williams",F,2025-04-25,Michigan,Mobile,5,2544.48,2025-01-07
40,"Robert Sims",F,2024-10-28,Pennsylvania,Desktop,3,1292.47,2025-06-02
41,"Mr. Derek Garcia",F,2025-04-25,Iowa,Mobile,1,436.81,2024-11-07
42,"Jasmine Price",F,2024-02-27,Indiana,Desktop,0,NULL,NULL
43,"Mrs. Stephanie Hanson",F,2024-12-20,Alaska,Tablet,4,2315.87,2025-07-18
44,"Mathew Stanley",F,2023-10-09,"New Mexico",Desktop,1,566.65,2025-08-07
45,"Jessica Alvarez",M,2025-06-05,Hawaii,Desktop,4,3269.82,2024-10-17
46,"Timothy Mcguire",F,2023-06-30,Wyoming,Mobile,0,NULL,NULL
47,"Carlos Anderson",F,2022-12-10,Ohio,Desktop,2,935.17,2024-02-26
48,"Thomas Santos",F,2023-09-16,Arkansas,Tablet,5,2032.04,2025-03-17
49,"Thomas Castillo",F,2025-04-16,"New York",Tablet,3,1884.22,2024-12-16
50,"Mark Spencer",F,2022-12-14,Texas,Tablet,2,1556.66,2025-01-30
51,"Amanda Miller",F,2023-01-24,Maryland,Desktop,2,915.36,2024-04-29
52,"Kathleen Moore",F,2023-04-16,"New Jersey",Tablet,2,337.72,2024-11-16
53,"Rebecca Goodwin DVM",M,2024-01-15,Maine,Desktop,1,692.64,2024-11-22
54,"Denise Carter",F,2023-03-06,Mississippi,Desktop,2,1320.27,2024-08-29
55,"Allison Martinez",F,2024-03-24,Vermont,Tablet,0,NULL,NULL
56,"Tyler Jimenez",M,2024-01-25,Utah,Tablet,2,1076.10,2024-10-24
57,"Jesse Cortez",F,2023-08-10,Illinois,Tablet,4,2389.08,2025-06-25
58,"Brittney Hamilton",M,2025-05-23,Tennessee,Mobile,1,920.99,2025-04-27
59,"Joshua Larson",M,2024-08-21,California,Tablet,0,NULL,NULL
60,"Melissa Davis",F,2024-08-22,Nevada,Tablet,2,841.38,2025-08-09
61,"Jodi Torres",F,2022-09-24,Mississippi,Mobile,1,897.78,2023-11-23
62,"Taylor Mcdonald",M,2024-11-09,Alabama,Desktop,2,869.11,2025-04-17
63,"Jermaine Schultz",F,2024-05-27,Colorado,Desktop,4,2466.63,2025-08-11
64,"Erin Melendez",M,2023-04-11,Washington,Desktop,1,152.25,2025-02-02
65,"Cassandra Donovan",F,2025-03-04,Arizona,Tablet,0,NULL,NULL
66,"Austin Bowen",F,2024-07-20,Tennessee,Tablet,1,719.03,2025-06-03
67,"Michael Smith",F,2025-07-06,"North Dakota",Mobile,1,757.84,2024-05-29
68,"Sarah Scott",F,2025-05-28,Louisiana,Tablet,1,732.34,2024-10-04
69,"Brenda Long",F,2024-09-30,"New York",Mobile,1,656.58,2024-07-02
70,"Anna Powell",F,2023-12-28,Wyoming,Mobile,1,72.20,2024-05-01
71,"Bradley Davis",M,2024-09-30,Illinois,Mobile,3,1452.50,2024-11-30
72,"Erika Young",M,2024-11-23,Maryland,Mobile,2,426.20,2025-05-13
73,"Tracy Mccoy",M,2023-02-02,Kansas,Mobile,3,1529.57,2025-06-18
74,"Monica Wolf",F,2024-07-27,"New Hampshire",Desktop,2,923.93,2023-11-19
75,"Jason Galloway",M,2023-07-29,"North Dakota",Mobile,4,2143.79,2024-06-20
76,"Margaret Lambert",M,2025-04-20,Oklahoma,Desktop,2,1442.47,2024-03-01
77,"Nancy Berg",M,2023-03-11,Washington,Desktop,2,464.17,2025-01-29
78,"Yolanda Thompson",F,2024-12-10,Nevada,Tablet,2,1676.06,2025-06-21
79,"Peter Berger",F,2024-05-15,Montana,Tablet,3,1798.62,2024-10-17
80,"Robin Downs",F,2025-08-27,Virginia,Tablet,5,2940.41,2024-12-17
81,"Amanda Jimenez",F,2024-03-27,Alabama,Tablet,4,2267.98,2025-08-06
82,"Manuel Russo",M,2022-10-30,Delaware,Mobile,2,587.40,2025-01-19
83,"Andrea Williams",F,2025-05-03,Wisconsin,Tablet,2,1028.59,2024-07-06
84,"Barbara Cameron",F,2023-04-12,Indiana,Mobile,4,2458.16,2025-07-29
85,"John Martinez",F,2025-07-26,"South Carolina",Mobile,3,455.56,2025-07-27
86,"Kimberly Harrington",M,2024-07-26,Wyoming,Desktop,2,1458.45,2024-10-10
87,"Anna York",M,2024-12-08,Ohio,Tablet,2,984.55,2024-07-22
88,"Justin Lee",F,2024-03-02,Pennsylvania,Tablet,2,279.87,2024-06-17
89,"Megan Booth",M,2023-11-20,Pennsylvania,Mobile,0,NULL,NULL
90,"Mary Duncan",M,2022-11-14,Massachusetts,Desktop,3,1368.42,2025-07-24
91,"Laurie Reyes",M,2025-05-02,"New Hampshire",Mobile,1,659.05,2025-02-24
92,"Karen Garcia",M,2025-03-12,Georgia,Mobile,4,2341.67,2025-08-17
93,"Katrina Wilson",F,2023-06-12,Nebraska,Desktop,0,NULL,NULL
94,"Lauren Hodges",M,2023-01-01,Florida,Desktop,3,995.74,2025-08-04
95,"Alec West",F,2023-02-21,Virginia,Mobile,0,NULL,NULL
96,"Donald Anderson",F,2025-05-06,Arkansas,Tablet,3,2179.79,2025-03-26
97,"Wendy Perry",F,2025-01-20,Alaska,Desktop,4,2890.06,2025-06-03
98,"Jacob Melendez",M,2023-06-22,Delaware,Desktop,2,1214.63,2025-06-18
99,"Jessica Moore",F,2023-03-29,"North Carolina",Tablet,1,689.16,2023-10-02
100,"Karen Torres",M,2022-10-28,Maryland,Desktop,1,491.05,2025-08-21
101,"Kelsey Ortega",M,2025-05-14,Minnesota,Mobile,3,1417.92,2025-06-08
102,"Makayla Adams",F,2023-02-02,Massachusetts,Desktop,4,2367.56,2025-08-20
103,"Eddie Simpson",M,2024-07-10,Ohio,Desktop,1,110.29,2025-06-05
104,"Henry Melton",M,2023-01-29,Idaho,Mobile,4,2092.83,2025-05-12
105,"Annette Garcia",F,2025-03-11,Vermont,Mobile,0,NULL,NULL
106,"Mark Curtis",F,2023-11-12,Wyoming,Tablet,1,369.36,2025-01-10
107,"Jean Dillon",F,2023-07-05,Arkansas,Desktop,4,1718.75,2025-07-14
108,"Mrs. Christina Nelson",M,2023-03-14,Wyoming,Mobile,1,579.41,2025-01-17
109,"Karina Keith",F,2023-06-07,Texas,Tablet,1,233.46,2024-05-04
110,"Ronald Brown",F,2025-05-24,Tennessee,Mobile,4,1386.58,2025-08-25
111,"James Hunt",M,2024-07-18,California,Mobile,3,1978.56,2025-01-29
112,"Terry Kidd",F,2025-08-29,Pennsylvania,Mobile,5,4082.95,2025-06-06
113,"Brad King",M,2024-04-13,Kansas,Mobile,3,1052.84,2025-04-23
114,"Brad Thomas",M,2025-04-16,Connecticut,Mobile,3,2268.52,2024-11-09
115,"Ronald Beasley",M,2024-12-23,Washington,Desktop,2,971.35,2024-10-01
116,"Robert Wolf",F,2023-03-03,Virginia,Mobile,4,1975.67,2025-05-13
117,"Hannah Young",F,2023-07-05,Oklahoma,Desktop,1,733.77,2025-04-15
118,"Natalie Logan",M,2024-01-10,Alaska,Mobile,3,2090.88,2025-02-10
119,"Joseph Lindsey",M,2025-02-12,"North Carolina",Desktop,0,NULL,NULL
120,"Brandon Porter",F,2024-12-05,"South Carolina",Mobile,4,1018.08,2024-11-08
121,"John Cannon",F,2023-04-22,Alaska,Desktop,5,2633.10,2025-07-13
122,"Walter Gray",M,2023-06-05,"New Mexico",Mobile,3,1430.16,2024-07-23
123,"David Williams",F,2023-05-25,Hawaii,Tablet,3,1588.19,2024-12-01
124,"Meredith White",F,2025-06-19,Virginia,Tablet,1,868.59,2023-10-05
125,"Tony Gentry",M,2025-07-10,Louisiana,Desktop,0,NULL,NULL
126,"Emily Griffin",F,2023-06-03,"Rhode Island",Mobile,3,1959.86,2024-11-27
127,"Douglas Smith",M,2023-08-10,Colorado,Mobile,2,452.87,2025-06-26
128,"Karen Shaw",F,2023-01-15,Connecticut,Mobile,1,863.76,2025-08-26
129,"Eric Jones",M,2022-12-31,Maine,Desktop,3,1081.09,2025-03-07
130,"Elaine Ramirez",M,2023-09-27,Vermont,Tablet,3,2481.01,2025-07-18
131,"Oscar Evans",M,2022-09-15,Florida,Tablet,5,2418.21,2025-06-08
132,"Patrick Smith",M,2023-02-18,"New Mexico",Mobile,1,511.90,2023-12-10
133,"Miguel Lee",M,2024-02-07,Louisiana,Tablet,1,144.00,2024-08-27
134,"Ricky Chapman",M,2024-11-27,Delaware,Desktop,2,1422.51,2025-07-21
135,"Jason Garcia",F,2022-10-16,Illinois,Desktop,1,847.03,2024-04-24
136,"Kyle Ramirez",F,2023-04-05,Florida,Desktop,3,2249.50,2025-05-22
137,"Caroline Li",F,2023-11-27,Michigan,Desktop,2,1200.90,2025-07-05
138,"Vernon Pennington",F,2024-05-15,Colorado,Mobile,3,2166.37,2025-07-05
139,"Elizabeth Simpson",F,2023-12-29,"South Carolina",Desktop,1,573.41,2025-03-10
140,"Brandon Gonzalez",F,2023-03-23,Kansas,Tablet,3,977.02,2024-10-05
141,"Tyler Fischer",F,2023-06-04,Oregon,Tablet,3,783.78,2024-08-03
142,"Alicia Chang",M,2024-01-20,Oklahoma,Desktop,2,1288.82,2025-03-24
143,"Sara Kelly",F,2024-08-27,Arizona,Mobile,4,1487.05,2025-06-13
144,"Lisa Gonzalez",M,2025-04-08,Minnesota,Mobile,3,995.00,2024-09-06
145,"Gabriel Chapman",F,2023-07-01,Missouri,Tablet,3,1811.86,2025-03-20
146,"Ashley Davis",F,2023-06-14,Indiana,Desktop,1,332.86,2025-06-01
147,"Jacqueline Walker",M,2024-03-04,Delaware,Mobile,2,924.80,2023-12-08
148,"Mrs. Jennifer Miller",M,2023-01-03,Ohio,Desktop,1,114.56,2025-07-19
149,"Jonathan Lewis",F,2024-02-03,Colorado,Tablet,0,NULL,NULL
150,"Benjamin Cook",F,2025-02-20,"Rhode Island",Tablet,3,1460.17,2025-05-29
151,"Sarah Mcdonald",F,2024-01-07,Nebraska,Tablet,5,2177.30,2025-05-29
152,"Mary Walker",F,2025-02-22,Texas,Tablet,1,92.63,2025-07-02
153,"Jose Mitchell",M,2022-10-31,Alabama,Mobile,0,NULL,NULL
154,"Martin Wheeler",M,2023-04-04,Tennessee,Desktop,3,1781.70,2025-01-27
155,"Michael Smith",M,2024-03-29,Nevada,Desktop,2,562.35,2024-04-26
156,"Jason Shields",F,2023-05-10,Idaho,Tablet,1,996.03,2024-05-18
157,"Emily Smith",M,2023-03-05,Texas,Desktop,2,362.00,2025-06-06
158,"Rebecca Davis",F,2023-03-10,Missouri,Desktop,0,NULL,NULL
159,"Shawn Simmons",M,2024-12-06,Nebraska,Mobile,2,962.39,2024-06-07
160,"Patricia Rodriguez",F,2024-03-06,Oregon,Desktop,3,1798.66,2024-11-29
161,"Kara Mccarthy",M,2025-08-26,Georgia,Desktop,3,1172.18,2025-04-15
162,"Donald Golden",F,2024-03-11,Arkansas,Tablet,1,261.46,2025-04-13
163,"Leonard Gentry",M,2025-05-31,Kentucky,Tablet,2,462.30,2024-11-11
164,"Caitlin Williams",F,2025-03-09,Missouri,Mobile,4,1886.17,2025-07-19
165,"James Diaz",F,2023-04-19,Wisconsin,Tablet,2,1018.21,2024-01-18
166,"Derek Ward",M,2024-01-09,Tennessee,Tablet,1,121.36,2024-06-21
167,"Shane Bailey",M,2023-11-04,"North Carolina",Tablet,3,1834.91,2025-04-12
168,"Alison Torres",M,2025-01-01,Tennessee,Mobile,1,556.80,2025-02-09
169,"Amy Moore",F,2024-11-07,Alaska,Tablet,4,2696.38,2025-07-28
170,"Justin Collins",F,2024-05-26,Hawaii,Tablet,0,NULL,NULL
171,"Amy Jones",F,2023-01-20,Florida,Mobile,1,634.96,2025-05-31
172,"Joshua Garcia",F,2024-09-07,Indiana,Mobile,2,650.13,2025-05-20
173,"Melissa Ortiz",M,2022-10-06,Illinois,Tablet,0,NULL,NULL
174,"Gina Johnson",F,2023-09-19,Wyoming,Mobile,3,1725.75,2025-04-06
175,"Mr. James Green III",M,2024-03-25,Idaho,Tablet,1,591.38,2025-01-29
176,"Joshua Reynolds",M,2023-11-19,"West Virginia",Tablet,2,764.99,2024-04-28
177,"Angela Delacruz",F,2024-01-24,Massachusetts,Mobile,0,NULL,NULL
178,"Catherine Curry",M,2024-04-27,Kansas,Desktop,2,1069.62,2024-05-24
179,"Mariah Vazquez",M,2025-04-25,"South Carolina",Desktop,3,1428.24,2024-08-29
180,"Courtney Martinez",M,2023-09-22,Iowa,Desktop,3,1087.55,2025-03-09
181,"Cory Warren",M,2023-03-12,"New Hampshire",Mobile,3,1196.43,2025-07-29
182,"William Smith",M,2023-11-12,Louisiana,Mobile,2,1182.89,2025-05-25
183,"David Garcia",F,2023-05-15,Maryland,Desktop,0,NULL,NULL
184,"Kimberly Barber",F,2023-10-02,Wisconsin,Desktop,0,NULL,NULL
185,"Lauren Andrews",F,2024-01-21,Georgia,Desktop,0,NULL,NULL
186,"Patrick Johns",F,2023-09-13,Utah,Tablet,1,376.30,2023-12-21
187,"Monique Thompson",F,2023-11-21,Wisconsin,Desktop,2,1240.14,2024-05-21
188,"Elizabeth Barber",F,2025-01-01,Michigan,Mobile,3,1913.14,2025-02-06
189,"Shannon Berry",M,2023-02-16,"North Carolina",Desktop,1,365.13,2023-10-08
190,"Angela Brown",M,2025-06-02,Indiana,Tablet,2,1636.10,2024-11-30
191,"Jason Wallace",M,2023-09-16,Alabama,Tablet,4,3313.41,2024-07-07
192,"William Harper",M,2023-02-22,Arizona,Desktop,2,1423.23,2024-01-19
193,"Jenna Brooks",M,2024-07-21,Tennessee,Mobile,1,692.57,2024-05-15
194,"Benjamin Paul",M,2022-12-29,Delaware,Mobile,1,544.71,2025-04-09
195,"Jeff Barr",F,2023-12-08,Alabama,Tablet,1,16.56,2024-05-24
196,"Tiffany Contreras",F,2023-09-20,Virginia,Tablet,3,1665.51,2025-04-06
197,"Christopher Crane",M,2023-03-24,Idaho,Mobile,4,1122.87,2024-12-28
198,"Megan Boyd",M,2022-12-01,Michigan,Mobile,2,1045.83,2024-06-18
199,"Christopher Brown",M,2024-02-17,Maryland,Mobile,1,854.15,2024-11-18
200,"George Holmes",F,2025-03-24,Montana,Mobile,2,601.27,2025-06-01
201,"Elizabeth Padilla",F,2023-01-10,Minnesota,Tablet,2,1106.65,2025-05-18
202,"Jennifer Lewis",F,2023-10-30,Wyoming,Mobile,1,773.69,2024-07-26
203,"Rick Allen",F,2024-03-17,Montana,Tablet,4,1995.64,2024-09-11
204,"William Brown",F,2022-10-19,Washington,Tablet,2,1146.57,2025-01-12
205,"Nathan Berry",M,2025-05-07,Colorado,Desktop,0,NULL,NULL
206,"Emma Lopez",F,2023-09-13,"West Virginia",Tablet,2,1758.29,2024-09-05
207,"James Young",M,2023-02-15,"Rhode Island",Tablet,3,2006.98,2025-05-22
208,"Logan Hopkins",F,2024-12-02,Maine,Mobile,2,516.97,2024-05-25
209,"Mary Fowler",F,2024-08-23,Tennessee,Tablet,1,674.60,2024-11-27
210,"Kelly Wong",M,2023-10-18,Kansas,Mobile,2,255.97,2024-05-15
211,"Brandon Lee",F,2023-07-22,Indiana,Tablet,1,751.49,2024-02-20
212,"Melissa Bryan",F,2022-11-09,Ohio,Desktop,1,501.54,2024-02-08
213,"Breanna Davis",F,2022-09-09,Pennsylvania,Mobile,3,1060.87,2025-03-14
214,"James Gonzalez",M,2025-05-07,"New Hampshire",Tablet,0,NULL,NULL
215,"Margaret Warren",M,2023-07-01,"North Dakota",Mobile,2,1247.90,2024-12-10
216,"Dave Mendez",M,2024-01-13,Michigan,Mobile,0,NULL,NULL
217,"Heather Ortiz",M,2022-10-21,Wisconsin,Tablet,2,1333.52,2024-11-27
218,"Kristopher Wright",M,2024-06-25,Vermont,Tablet,1,248.72,2024-04-18
219,"Diane Collins",M,2025-01-13,Maine,Mobile,0,NULL,NULL
220,"Robert Harris",M,2022-11-24,Missouri,Tablet,3,1348.11,2024-12-17
221,"Jennifer Smith",F,2023-02-19,Iowa,Mobile,1,594.84,2025-05-19
222,"Charles Deleon",M,2024-05-29,Iowa,Tablet,1,786.97,2025-04-28
223,"Daniel Collins PhD",F,2023-11-05,Oklahoma,Desktop,1,313.24,2024-02-06
224,"David Clarke",F,2025-01-05,"New Mexico",Desktop,0,NULL,NULL
225,"Scott Morgan",M,2023-01-23,"South Carolina",Mobile,0,NULL,NULL
226,"Cassandra Gonzalez",M,2024-06-12,Maryland,Mobile,0,NULL,NULL
227,"Christopher Rivera",F,2025-01-26,Hawaii,Mobile,1,762.60,2024-05-17
228,"Lindsay Porter",M,2023-06-21,Missouri,Tablet,2,446.08,2024-10-15
229,"Bradley Mitchell",F,2025-05-18,Wisconsin,Desktop,1,990.24,2024-12-24
230,"Drew Ray",M,2024-08-27,Ohio,Tablet,1,200.17,2025-02-01
231,"Abigail Reynolds",M,2025-05-01,Iowa,Desktop,0,NULL,NULL
232,"Casey Brown",M,2025-07-18,Arizona,Desktop,4,879.05,2025-08-11
233,"Dylan Graham",F,2024-03-17,"New York",Tablet,2,946.45,2024-11-06
234,"Keith George",F,2024-03-25,Indiana,Mobile,1,294.24,2024-06-15
235,"Lori Harris",F,2025-01-16,Ohio,Mobile,1,451.72,2025-01-12
236,"Michael Johnson",M,2025-03-15,"South Carolina",Mobile,4,2629.84,2025-05-26
237,"Jessica Williams",M,2023-01-17,"South Carolina",Desktop,1,248.49,2024-10-29
238,"Kyle Ramos",F,2024-05-30,"West Virginia",Mobile,0,NULL,NULL
239,"Jennifer Cox",M,2025-01-16,California,Desktop,4,1499.25,2025-02-27
240,"Timothy Smith",F,2023-03-12,Iowa,Desktop,1,323.39,2025-08-17
241,"Cody King",M,2024-07-29,Delaware,Tablet,2,1215.00,2025-07-25
242,"Jason Wolfe",M,2023-03-12,Connecticut,Mobile,2,1079.14,2025-07-23
243,"Wayne Mitchell",M,2023-04-25,Illinois,Mobile,3,1955.70,2025-05-12
244,"Patrick Hunt",M,2022-11-20,Ohio,Tablet,0,NULL,NULL
245,"Kimberly Bender",M,2024-06-04,Georgia,Tablet,0,NULL,NULL
246,"Christopher Zimmerman",F,2025-03-18,"North Dakota",Mobile,1,945.87,2024-01-24
247,"Craig Best",M,2023-04-10,"North Dakota",Desktop,4,1028.43,2025-06-14
248,"Whitney Smith",F,2023-12-16,Massachusetts,Tablet,4,2068.35,2025-03-21
249,"Jeffrey Ross",F,2023-12-24,Maryland,Desktop,1,54.62,2024-08-21
250,"Raymond Montoya",F,2024-10-20,Nevada,Tablet,3,1154.51,2025-02-21
251,"Susan Pierce",M,2025-08-16,Mississippi,Desktop,2,292.39,2024-04-24
252,"Heather Burton",M,2023-02-01,Idaho,Tablet,3,1076.33,2025-07-14
253,"Ashley Williams",F,2023-07-09,Michigan,Tablet,2,1308.67,2025-02-15
254,"Paula Jimenez",F,2022-09-17,Michigan,Desktop,4,1810.95,2024-09-09
255,"Charles Hill MD",M,2023-07-27,Florida,Mobile,1,452.29,2024-08-07
256,"Christopher Gallegos",M,2024-07-08,Utah,Desktop,1,781.73,2023-12-31
257,"Olivia Hale",M,2022-09-01,Michigan,Desktop,1,306.60,2025-03-26
258,"Michael Jones",F,2022-12-27,Nebraska,Mobile,3,988.63,2025-06-12
259,"David Howard",F,2025-07-22,Pennsylvania,Tablet,3,825.44,2024-01-05
260,"Johnny Chen",F,2025-05-27,Hawaii,Desktop,3,1573.19,2025-02-27
261,"Cole Larson",F,2024-11-08,Utah,Desktop,0,NULL,NULL
262,"Jillian Williams",F,2022-11-06,Delaware,Desktop,3,1625.73,2024-07-25
263,"Chad Harvey",F,2025-08-25,"South Dakota",Tablet,0,NULL,NULL
264,"Diana Holland",M,2022-11-09,Michigan,Tablet,1,979.61,2024-12-30
265,"Bryan Wolfe",M,2024-05-01,Wisconsin,Desktop,2,923.14,2025-02-10
266,"Anthony Perez DVM",M,2023-05-05,Michigan,Desktop,1,822.11,2023-09-21
267,"Joshua Mendoza",F,2022-09-14,Alaska,Tablet,5,1773.42,2025-07-25
268,"Kari Williams",M,2023-06-11,Mississippi,Mobile,2,1087.23,2024-09-15
269,"George Glover",F,2023-07-20,Idaho,Mobile,3,1013.05,2025-02-27
270,"Megan Short",F,2024-10-25,Iowa,Mobile,5,1736.93,2025-06-29
271,"Joseph Ross",M,2025-05-12,Arizona,Tablet,2,964.75,2025-01-01
272,"Mr. Christopher Wilson",F,2023-05-13,Nebraska,Desktop,3,1255.01,2025-08-12
273,"Melissa Ramirez",M,2023-05-31,"West Virginia",Desktop,0,NULL,NULL
274,"Michael Keller",F,2023-03-26,Texas,Desktop,4,1759.72,2025-07-30
275,"Aaron Hill",M,2022-09-23,Alaska,Mobile,1,790.95,2024-02-26
276,"Joshua Sullivan",F,2024-03-19,Nebraska,Mobile,1,891.18,2024-10-24
277,"Sean Wells",F,2024-07-03,Montana,Desktop,1,59.95,2025-05-01
278,"Samantha Castillo",F,2024-06-12,Wyoming,Desktop,3,1388.76,2025-06-15
279,"Michele Miller",M,2025-03-07,"South Dakota",Tablet,0,NULL,NULL
280,"Brandy Mosley",M,2024-01-30,Kentucky,Mobile,2,1407.50,2025-08-24
281,"Andrew Hanson",M,2023-01-31,Washington,Mobile,2,1107.59,2025-05-14
282,"Sherry James",M,2023-08-16,"West Virginia",Mobile,0,NULL,NULL
283,"David Lopez",M,2025-07-20,Vermont,Mobile,0,NULL,NULL
284,"Katherine Jones",M,2023-07-04,"Rhode Island",Desktop,1,83.78,2024-10-20
285,"Andrew Colon",F,2023-10-16,Nevada,Mobile,1,852.53,2025-08-25
286,"David Howard",F,2023-08-25,Idaho,Tablet,1,533.66,2023-12-07
287,"David Perry",F,2025-05-01,"New Hampshire",Mobile,3,1970.06,2025-03-22
288,"Jacob Higgins",F,2023-06-26,Hawaii,Tablet,4,1932.48,2025-07-31
289,"Robert Barnett",F,2024-01-03,Tennessee,Desktop,2,972.96,2025-01-10
290,"Michael Oconnell",M,2024-03-09,Montana,Desktop,0,NULL,NULL
291,"Jennifer Cox",F,2024-01-20,"West Virginia",Mobile,3,1841.18,2024-04-28
292,"Paul Hooper",F,2025-05-14,Texas,Tablet,3,1855.40,2024-10-27
293,"Alexandra Thomas",F,2022-10-10,Utah,Tablet,4,1464.46,2025-07-21
294,"Marc Warren",M,2023-05-24,Delaware,Desktop,0,NULL,NULL
295,"Jessica Herrera",M,2024-05-11,Tennessee,Tablet,5,747.42,2025-07-22
296,"Alexander Hinton",F,2023-01-04,Virginia,Desktop,0,NULL,NULL
297,"Luke Phillips",M,2022-11-26,Oregon,Mobile,0,NULL,NULL
298,"Terri Miller",F,2024-04-18,Minnesota,Desktop,0,NULL,NULL
299,"Jacqueline Pope",M,2023-02-25,Wyoming,Tablet,2,1067.02,2025-03-31
300,"Miguel Frost",M,2024-05-17,Hawaii,Mobile,2,1134.42,2025-05-06
301,"Erin Allen",M,2025-04-29,Connecticut,Desktop,0,NULL,NULL
302,"Christine Greene",F,2025-08-04,Hawaii,Mobile,2,1346.55,2025-04-18
303,"Dalton Brown",M,2024-02-10,Alabama,Desktop,2,1486.70,2025-08-15
304,"Erika Estes",M,2024-03-21,Alaska,Mobile,3,2472.86,2024-08-15
305,"Cory Turner",F,2022-09-10,Washington,Desktop,2,703.95,2024-05-22
306,"Justin Davis",F,2023-12-27,Pennsylvania,Mobile,1,591.89,2024-08-13
307,"Brandon Davis",F,2022-10-12,Virginia,Desktop,1,723.91,2024-02-05
308,"Ashley Johnson",F,2025-08-20,Arkansas,Mobile,1,180.00,2024-02-18
309,"Antonio Cantu",F,2024-10-06,Missouri,Tablet,3,1830.72,2024-06-06
310,"Scott Wagner",M,2024-08-25,Florida,Tablet,2,1272.44,2023-09-09
311,"Melinda Mathews",M,2023-07-31,Connecticut,Tablet,3,1544.76,2025-01-07
312,"Meghan Chen",M,2024-11-01,California,Tablet,3,639.32,2025-08-06
313,"Lori Rhodes",M,2025-02-05,Maryland,Tablet,4,2525.87,2025-07-27
314,"Mary Campbell",M,2023-09-23,Missouri,Tablet,0,NULL,NULL
315,"Nicholas Butler",M,2024-03-31,Alabama,Mobile,2,855.39,2025-07-27
316,"Ashley Smith",M,2024-10-15,Oklahoma,Desktop,3,411.65,2025-06-28
317,"Ashley Gross",M,2023-03-18,Illinois,Tablet,0,NULL,NULL
318,"Courtney Martin",M,2023-10-17,"West Virginia",Tablet,0,NULL,NULL
319,"Diane Rojas",M,2024-10-02,Maryland,Tablet,4,1538.86,2025-07-09
320,"Aaron Pineda",F,2022-09-02,Utah,Tablet,0,NULL,NULL
321,"Casey Miller",F,2023-06-20,Nebraska,Mobile,0,NULL,NULL
322,"Brittany Cunningham",M,2025-02-13,Georgia,Tablet,2,1323.48,2025-06-21
323,"Gabriela House",M,2025-02-25,Kansas,Mobile,1,343.35,2024-09-26
324,"Brooke Ford",F,2024-10-16,Delaware,Mobile,2,663.46,2023-12-22
325,"Kristen Phillips",F,2024-01-02,Wyoming,Tablet,1,911.79,2025-01-27
326,"Michelle Brown",F,2023-06-23,Wyoming,Desktop,0,NULL,NULL
327,"Cathy Sherman",M,2024-10-16,"North Dakota",Tablet,3,1334.55,2024-07-09
328,"Amanda Campbell",M,2024-12-13,Delaware,Desktop,0,NULL,NULL
329,"Kelly Gray",F,2022-10-03,Alabama,Desktop,3,1622.55,2025-08-08
330,"Henry Irwin",F,2022-11-18,"New Jersey",Tablet,3,1335.79,2024-12-27
331,"Mr. Dan Fletcher DDS",M,2023-08-21,Virginia,Mobile,3,1783.17,2025-03-21
332,"Katie Morales",M,2025-02-02,Mississippi,Desktop,1,139.26,2024-01-09
333,"Amanda Edwards",M,2024-07-26,Mississippi,Desktop,5,3939.37,2025-07-01
334,"Benjamin Williams",F,2023-09-19,Vermont,Desktop,1,591.04,2025-01-21
335,"Lisa Pierce DDS",F,2024-08-23,"Rhode Island",Tablet,2,1166.66,2024-05-13
336,"Lisa Lozano",F,2024-01-10,Kansas,Desktop,2,1518.28,2025-02-15
337,"Austin Bailey",F,2023-05-03,"New Hampshire",Mobile,0,NULL,NULL
338,"Edward Martin",M,2024-02-02,California,Mobile,1,153.04,2025-04-21
339,"Veronica Monroe",F,2024-10-12,Arizona,Mobile,2,670.29,2025-07-01
340,"John Meadows",M,2022-09-06,Missouri,Tablet,2,1000.83,2025-03-21
341,"Tanya Martin",M,2023-10-14,"New Jersey",Tablet,1,734.50,2025-04-30
342,"Gavin Moore",F,2023-04-25,"New Jersey",Tablet,1,349.66,2024-07-24
343,"Michelle Jackson",M,2025-08-06,Wyoming,Desktop,3,2126.24,2025-04-02
344,"Adam Owens",M,2024-01-21,Kansas,Tablet,1,971.26,2023-11-12
345,"Paula Wheeler",M,2023-02-09,Texas,Desktop,0,NULL,NULL
346,"Gregory Escobar",M,2025-04-24,Colorado,Desktop,2,832.91,2025-05-13
347,"Erik Gibbs",F,2023-09-16,Ohio,Desktop,3,1751.70,2024-08-18
348,"Juan Hill MD",M,2023-08-30,Georgia,Mobile,0,NULL,NULL
349,"Megan Smith",F,2025-04-07,California,Mobile,0,NULL,NULL
350,"Jodi Reynolds",M,2023-07-22,Georgia,Tablet,3,1261.98,2025-07-24
351,"Grant Tanner",M,2025-04-05,Wisconsin,Mobile,2,878.25,2025-04-24
352,"Robert Gray",M,2024-03-07,"South Dakota",Desktop,0,NULL,NULL
353,"Jacob Watson",F,2024-03-11,Idaho,Tablet,0,NULL,NULL
354,"Ronald Rubio",F,2024-10-08,Michigan,Desktop,2,562.70,2025-06-05
355,"Nicholas Lyons",M,2024-03-17,Nevada,Tablet,2,1098.82,2025-02-27
356,"Courtney King",F,2023-02-01,"New Hampshire",Desktop,0,NULL,NULL
357,"Christopher Campbell",M,2024-03-31,"North Carolina",Mobile,1,626.08,2023-12-02
358,"Michelle Kemp",M,2025-04-23,Nebraska,Tablet,0,NULL,NULL
359,"Jeffrey Pierce",M,2022-10-31,Maryland,Tablet,1,690.39,2023-09-13
360,"Jonathan Jackson",M,2023-07-04,Massachusetts,Tablet,3,1030.17,2025-03-10
361,"Brianna Giles",M,2022-10-20,Connecticut,Desktop,3,1550.26,2024-11-30
362,"Brooke Shannon",F,2022-11-01,Wyoming,Tablet,0,NULL,NULL
363,"Tracy Martin",M,2024-10-24,Nevada,Tablet,3,1894.33,2025-07-28
364,"Martin Stephens",F,2023-11-19,"Rhode Island",Mobile,4,1895.85,2025-03-18
365,"Keith Hancock MD",F,2025-01-26,Washington,Mobile,1,86.94,2025-05-22
366,"John Ayala",M,2024-02-28,Hawaii,Desktop,3,2104.32,2025-06-19
367,"Kevin Barrera",F,2022-12-31,Virginia,Desktop,2,787.44,2024-05-09
368,"Amy Henderson",F,2023-04-02,Arizona,Desktop,0,NULL,NULL
369,"Ashley Smith",M,2023-06-19,Michigan,Desktop,2,1450.79,2024-07-07
370,"Theresa Chaney",F,2025-08-19,Pennsylvania,Mobile,2,1359.00,2024-12-10
371,"Joyce Brown",F,2025-07-15,Michigan,Mobile,5,3768.77,2025-02-24
372,"Lacey Andrade",M,2024-09-22,Illinois,Tablet,2,1400.45,2025-04-18
373,"Mrs. Erin Flores",M,2022-11-20,Oklahoma,Desktop,3,2061.11,2025-06-26
374,"Sandra Morgan",M,2023-03-23,Colorado,Tablet,3,1958.72,2025-08-01
375,"Cindy Barber",F,2023-03-30,Idaho,Mobile,0,NULL,NULL
376,"Desiree Lynn",F,2024-09-13,Vermont,Desktop,2,1254.10,2025-05-06
377,"Kevin King",F,2024-12-16,Delaware,Mobile,2,924.39,2025-02-03
378,"Kimberly Brown",M,2025-07-08,Hawaii,Mobile,1,634.30,2025-05-03
379,"Lori Goodwin",M,2024-06-16,"Rhode Island",Mobile,3,1449.53,2025-05-28
380,"Michael Bryant",M,2022-12-13,Virginia,Desktop,1,722.31,2024-03-10
381,"Michael Austin",F,2023-04-15,Indiana,Mobile,3,2017.64,2025-07-12
382,"Richard Juarez",M,2025-02-16,Virginia,Tablet,4,2974.56,2025-03-03
383,"Megan Hunter DDS",F,2025-03-14,"South Carolina",Tablet,3,1384.31,2025-05-30
384,"Tracy Simmons",F,2023-06-01,Colorado,Mobile,3,1446.00,2025-04-16
385,"Michelle Keith",F,2023-10-15,Pennsylvania,Desktop,4,3383.79,2025-07-16
386,"Steven Greene",F,2025-06-19,"South Dakota",Mobile,4,2489.22,2025-08-19
387,"Roberto Gonzalez",F,2025-01-06,Washington,Desktop,2,561.15,2024-09-18
388,"Roberto Huffman",M,2023-10-15,Tennessee,Mobile,0,NULL,NULL
389,"Andrew Duncan",F,2024-12-24,Maine,Mobile,0,NULL,NULL
390,"Betty Hernandez",F,2024-05-25,Georgia,Mobile,2,1003.89,2024-07-01
391,"Christopher Morgan",M,2024-01-07,Oklahoma,Desktop,2,897.75,2024-08-28
392,"Jennifer Smith",M,2023-06-11,Utah,Desktop,0,NULL,NULL
393,"Mrs. Kelly Frazier PhD",M,2025-02-12,Minnesota,Mobile,1,176.00,2025-06-30
394,"Kimberly Werner",F,2024-02-26,Nevada,Tablet,1,493.85,2025-04-12
395,"Aaron Chapman",F,2024-01-01,"Rhode Island",Desktop,2,1235.66,2024-03-04
396,"Jordan Campbell",M,2024-09-21,"North Carolina",Desktop,0,NULL,NULL
397,"Michelle Vargas",M,2023-06-01,Missouri,Mobile,1,829.79,2024-01-25
398,"Hannah Benson",F,2023-03-16,Virginia,Tablet,0,NULL,NULL
399,"Samantha Burke",M,2025-04-09,Ohio,Desktop,2,900.27,2025-04-07
400,"Robert Cervantes",F,2025-03-28,California,Mobile,1,40.91,2024-12-05
401,"Mary Wilkinson",F,2023-08-21,Louisiana,Mobile,1,831.65,2023-12-16
402,"Natalie Mcdowell",M,2024-08-19,"West Virginia",Desktop,1,476.67,2024-12-18
403,"Kevin Wilson",F,2022-09-10,"South Dakota",Mobile,0,NULL,NULL
404,"Karen Brooks",M,2024-08-15,Virginia,Mobile,2,1023.98,2025-02-12
405,"Olivia Taylor",M,2023-09-09,Louisiana,Desktop,2,1465.63,2024-05-20
406,"Luis Ward",F,2023-05-31,Maine,Desktop,1,684.80,2023-12-02
407,"Jose Wu",M,2025-04-03,Massachusetts,Tablet,3,1631.40,2025-04-14
408,"Tracy Davis",M,2024-10-26,Alaska,Mobile,2,1481.36,2024-06-14
409,"Emma Nelson",M,2022-09-08,Minnesota,Desktop,0,NULL,NULL
410,"Jessica Miller",F,2024-04-11,Nebraska,Tablet,1,115.95,2024-02-25
411,"Katherine Vaughn",M,2025-03-24,Nebraska,Desktop,0,NULL,NULL
412,"Glenn Hart",F,2024-06-20,Oregon,Mobile,1,440.48,2024-06-22
413,"Melissa Stewart",M,2023-02-14,Delaware,Mobile,4,1943.12,2025-02-22
414,"Ashley Dominguez",M,2023-06-30,Kansas,Tablet,0,NULL,NULL
415,"Melanie Griffin",F,2024-09-23,"South Carolina",Tablet,1,510.13,2025-07-13
416,"Chris Thompson",F,2023-10-15,Delaware,Tablet,5,2226.92,2025-04-30
417,"Samuel Macdonald",F,2023-03-11,Texas,Tablet,1,288.81,2024-06-19
418,"Jeremy Martin",F,2023-08-28,"South Dakota",Mobile,3,1349.80,2025-01-25
419,"Mark King",M,2024-11-14,Alaska,Desktop,2,688.68,2024-09-15
420,"Dennis Adams",M,2024-10-15,Missouri,Desktop,5,2794.12,2025-06-13
421,"Cody Brown",M,2022-11-01,Kansas,Mobile,4,1748.32,2025-07-23
422,"Craig Bowen",F,2023-05-05,Alaska,Desktop,0,NULL,NULL
423,"David Mayo",F,2023-01-11,Indiana,Desktop,0,NULL,NULL
424,"John Miller",F,2024-10-23,Illinois,Mobile,0,NULL,NULL
425,"Brenda Strong",F,2023-06-02,Montana,Mobile,4,2709.54,2025-01-24
426,"Mitchell Kemp",F,2024-08-29,Indiana,Mobile,2,1281.11,2025-05-29
427,"Eduardo Hendricks",M,2025-01-27,"West Virginia",Mobile,2,1289.65,2025-03-06
428,"Benjamin Curtis",F,2023-01-27,Idaho,Mobile,3,900.48,2024-12-02
429,"Andrea Lee",F,2025-05-06,Kentucky,Desktop,2,955.32,2025-07-20
430,"Robert Fuller",F,2023-03-14,Tennessee,Desktop,2,452.22,2024-12-20
431,"Douglas Carpenter",M,2025-06-08,Wyoming,Tablet,2,929.52,2025-05-13
432,"Carolyn Dixon",M,2023-04-22,"New Hampshire",Mobile,2,1453.99,2025-03-01
433,"Mrs. Megan Adams",F,2025-06-09,Alaska,Mobile,1,864.34,2024-04-01
434,"Shawn Martinez",M,2025-06-14,"South Carolina",Desktop,4,1224.96,2024-11-13
435,"David Anderson",F,2025-07-12,Missouri,Mobile,2,1448.68,2025-04-08
436,"Brittany Christensen",F,2024-06-23,"New Hampshire",Mobile,2,1417.01,2025-07-31
437,"Roy Rose",F,2024-12-01,Arkansas,Desktop,2,1729.56,2025-07-07
438,"Edward Moore",F,2024-03-15,"North Dakota",Tablet,1,428.47,2024-01-31
439,"Elizabeth Silva",M,2024-01-14,Minnesota,Tablet,5,2882.55,2025-08-26
440,"Deborah Grant",M,2024-03-22,Montana,Desktop,1,852.66,2025-02-16
441,"Arthur Knight",F,2024-04-14,Ohio,Tablet,2,452.30,2025-06-30
442,"Dale Oneal",F,2022-10-29,Alabama,Mobile,1,764.50,2023-10-06
443,"Donald Reilly",M,2023-04-01,"New Mexico",Desktop,1,231.43,2025-02-06
444,"James Jackson",M,2025-03-03,Maine,Desktop,1,666.44,2024-11-02
445,"Raymond Long",F,2023-06-19,Massachusetts,Mobile,2,860.51,2024-09-02
446,"Michael Osborne",F,2025-08-22,Indiana,Mobile,5,2361.24,2025-02-20
447,"Amy Martinez",F,2023-05-13,Connecticut,Tablet,1,973.24,2025-05-09
448,"Courtney Garza",F,2024-11-21,Kansas,Mobile,0,NULL,NULL
449,"Amber Paul",F,2022-12-12,Missouri,Mobile,0,NULL,NULL
450,"John Jackson",M,2022-12-18,Ohio,Desktop,1,591.68,2023-11-23
451,"Jill Scott",F,2024-09-09,"South Carolina",Desktop,1,157.75,2024-11-29
452,"Roy Manning",M,2025-03-02,Colorado,Desktop,1,666.11,2024-10-15
453,"Zachary Taylor",F,2025-01-10,"New Jersey",Mobile,2,1002.08,2025-03-15
454,"Justin Williams",F,2023-11-03,Alabama,Tablet,6,1529.72,2025-04-08
455,"Tracy Collins",F,2022-12-29,Kentucky,Desktop,1,908.40,2024-07-23
456,"Kathleen Morris",M,2025-02-09,Kansas,Tablet,0,NULL,NULL
457,"Shane Edwards",M,2023-06-29,Hawaii,Desktop,1,104.66,2023-09-09
458,"Lisa Bond",M,2022-12-06,"Rhode Island",Mobile,1,568.84,2025-06-14
459,"Dana Smith",M,2022-09-27,Nevada,Mobile,0,NULL,NULL
460,"David Gardner",M,2024-06-25,Washington,Tablet,6,2928.96,2025-07-02
461,"Leslie James",F,2025-07-08,Ohio,Mobile,3,1128.98,2025-05-31
462,"Nathan Moore",F,2022-09-20,Delaware,Mobile,1,767.78,2024-08-16
463,"Melissa Ward",F,2025-06-23,"Rhode Island",Tablet,1,651.12,2025-07-02
464,"Kristy Winters",F,2024-10-27,"New Jersey",Desktop,1,887.82,2024-06-21
465,"Todd Banks",F,2023-08-23,Missouri,Tablet,2,1476.35,2025-07-09
466,"Kevin Johnson",M,2024-07-31,Kentucky,Desktop,3,2483.69,2025-04-23
467,"Robert Walton",F,2025-02-09,Kentucky,Tablet,2,533.98,2024-04-28
468,"Cesar Robbins",F,2025-04-10,Maryland,Mobile,1,449.27,2024-12-26
469,"Patricia Vasquez",F,2025-06-25,Wisconsin,Mobile,0,NULL,NULL
470,"Lauren Pierce",F,2023-12-25,Tennessee,Tablet,2,1759.40,2025-07-07
471,"Christopher Miller",M,2022-11-20,Florida,Desktop,0,NULL,NULL
472,"Bryan Adams",F,2025-06-09,"North Carolina",Tablet,0,NULL,NULL
473,"Tracy Frank",F,2025-03-15,Alabama,Mobile,0,NULL,NULL
474,"Diana Cannon",F,2023-07-03,Indiana,Desktop,3,2045.87,2025-08-21
475,"Martha Robertson",F,2024-06-01,Kentucky,Mobile,1,138.60,2023-11-19
476,"Michael Barrett",F,2023-10-24,Delaware,Tablet,3,1519.34,2025-07-31
477,"Laura Miller",M,2023-06-27,Oregon,Tablet,0,NULL,NULL
478,"Joseph Coleman",M,2025-01-24,Wisconsin,Mobile,3,1753.74,2024-10-04
479,"Connie Kim",F,2022-11-15,Florida,Desktop,4,1899.57,2025-05-25
480,"Theresa Fox",M,2023-03-28,Georgia,Desktop,3,1799.53,2025-05-18
481,"Bryan Erickson",M,2022-10-09,Minnesota,Tablet,5,3627.89,2025-08-28
482,"Taylor Daniels",M,2024-10-10,California,Desktop,0,NULL,NULL
483,"Amanda Rodriguez",F,2025-08-05,California,Desktop,2,1323.12,2024-12-20
484,"Sean Jackson",F,2023-11-28,Pennsylvania,Desktop,4,2335.77,2025-06-01
485,"David Vincent",F,2024-12-20,"North Carolina",Desktop,3,2076.60,2025-07-28
486,"Jennifer Chase",M,2022-11-28,Florida,Mobile,4,2146.84,2024-08-24
487,"Jessica Harris",F,2024-03-24,Alabama,Mobile,3,1847.92,2025-05-26
488,"Nicholas Brennan",F,2023-02-25,Kansas,Desktop,1,105.26,2024-09-24
489,"Jeffrey Steele",M,2025-08-06,Indiana,Tablet,5,2083.76,2025-03-06
490,"Jacob Lawrence",F,2022-09-21,"New Jersey",Mobile,3,1184.98,2025-08-10
491,"Rodney Rivera",F,2024-12-23,Oregon,Desktop,3,1398.02,2025-07-28
492,"Debbie Ortiz",M,2024-12-15,Oregon,Tablet,3,1773.15,2024-06-14
493,"Stephanie Butler",M,2025-01-26,Wyoming,Mobile,0,NULL,NULL
494,"Richard Doyle",M,2023-05-02,Vermont,Tablet,2,1246.20,2025-02-26
495,"Arthur Duran",F,2023-06-29,Washington,Mobile,2,959.10,2024-06-23
496,"Melissa Rios",F,2024-08-16,"South Carolina",Mobile,4,1844.72,2025-05-06
497,"Shawn Wade",M,2025-03-29,Colorado,Tablet,2,644.82,2024-11-12
498,"Mrs. Lisa Berger",M,2024-10-18,Wyoming,Tablet,5,2667.00,2025-07-23
499,"Sara Swanson",F,2024-07-06,Alabama,Desktop,2,751.18,2024-04-26
500,"Robert Fleming",F,2025-06-18,Oklahoma,Desktop,7,4103.04,2025-03-16
501,"Brian Harris",M,2025-06-11,"New Jersey",Desktop,1,534.33,2025-08-18
502,"Leah Lee",M,2024-02-18,Tennessee,Desktop,3,851.28,2025-01-14
503,"Joseph Lewis",M,2024-04-28,Wyoming,Desktop,1,651.62,2025-07-08
504,"Maureen Hansen",F,2025-07-21,Colorado,Tablet,3,1892.16,2024-07-13
505,"Tiffany Miller",F,2022-11-30,Alabama,Mobile,2,515.40,2025-06-04
506,"Garrett Nelson",F,2023-02-13,Maine,Tablet,1,18.82,2024-09-25
507,"Carlos Anderson",F,2024-10-14,Ohio,Desktop,1,110.31,2024-06-05
508,"Shannon Hernandez",M,2025-06-11,"New York",Desktop,1,202.87,2024-10-07
509,"Nicholas Taylor",F,2022-12-21,Alaska,Desktop,1,677.94,2024-05-11
510,"Angela Miller",F,2025-08-03,"North Dakota",Desktop,1,632.21,2024-05-09
511,"Mark Young",M,2022-10-22,Montana,Mobile,4,2493.09,2024-06-30
512,"Zachary Ware",M,2023-05-31,Illinois,Desktop,0,NULL,NULL
513,"Brandon Lane",M,2023-05-30,Tennessee,Desktop,1,297.18,2024-12-23
514,"Wendy Phillips",F,2025-02-06,Alabama,Mobile,1,70.12,2025-01-01
515,"William Jackson",F,2025-06-28,California,Tablet,3,1905.81,2024-10-04
516,"Jeffrey Floyd",F,2023-03-05,Missouri,Desktop,2,611.31,2025-04-29
517,"Kelly Thompson",F,2024-03-21,"New Mexico",Mobile,3,1223.62,2024-12-09
518,"Allen Cain",F,2023-06-05,Massachusetts,Mobile,1,25.64,2024-08-25
519,"Eric Meyer",F,2023-01-19,"New Jersey",Desktop,2,440.38,2024-06-18
520,"Charles Perez",M,2022-09-13,Kentucky,Mobile,3,2199.91,2025-08-05
521,"Maria Allen",M,2023-05-31,"South Dakota",Mobile,2,833.06,2025-02-01
522,"Jennifer Johnson",F,2023-05-29,"North Carolina",Tablet,4,1458.16,2025-08-26
523,"Linda Dickerson",M,2023-02-07,Washington,Desktop,6,1074.50,2024-10-23
524,"Edwin Sanchez",M,2023-12-22,Iowa,Mobile,1,808.85,2025-07-18
525,"Allen Wagner",F,2023-03-04,Texas,Mobile,2,363.34,2025-08-04
526,"Thomas Hill",M,2023-08-29,Nevada,Desktop,2,505.49,2025-06-08
527,"Rachel Mueller DDS",M,2023-07-04,Utah,Desktop,1,385.47,2024-11-12
528,"Madison Hansen",F,2024-09-03,Vermont,Mobile,5,2254.21,2025-08-25
529,"Brenda Walters",M,2023-12-27,Arkansas,Mobile,1,794.31,2025-03-12
530,"Kimberly Owens",M,2023-06-07,"North Carolina",Tablet,1,516.46,2024-07-15
531,"Robin Blake",M,2023-03-07,Oregon,Desktop,1,942.68,2024-02-04
532,"Alex Wilson",F,2024-03-07,Oklahoma,Tablet,3,1428.83,2025-07-16
533,"Jessica Young",M,2025-06-28,Michigan,Mobile,1,305.83,2024-12-07
534,"Debbie Silva",M,2022-11-05,Texas,Desktop,3,1673.18,2025-07-03
535,"Tracey Moore",M,2024-06-24,Indiana,Desktop,1,218.73,2024-08-05
536,"Ruth Conner",M,2024-09-19,Texas,Desktop,0,NULL,NULL
537,"Elizabeth Wilkerson",F,2025-07-28,Washington,Mobile,4,2190.39,2025-06-26
538,"Samantha Hoover",M,2022-09-16,Kansas,Desktop,1,350.08,2024-07-21
539,"Stephen Whitaker",M,2023-06-11,"New Hampshire",Tablet,1,129.59,2024-11-07
540,"Diana Colon",F,2024-08-07,Hawaii,Tablet,1,961.01,2024-11-30
541,"Logan Little",F,2022-11-19,Washington,Desktop,0,NULL,NULL
542,"James Mueller",M,2022-11-29,"North Dakota",Desktop,2,1778.96,2024-07-05
543,"Angela Little",M,2024-10-06,Nevada,Tablet,2,1030.26,2024-03-18
544,"Jeffrey Hall",F,2024-06-30,"North Carolina",Tablet,2,1251.66,2025-05-02
545,"Victoria Woods",F,2025-03-10,Kansas,Desktop,2,627.63,2025-06-16
546,"Janet Sampson",M,2022-09-07,"South Carolina",Desktop,4,2090.83,2024-12-27
547,"Melissa Moore",F,2025-06-18,"South Carolina",Mobile,1,927.65,2025-03-01
548,"Robert Davis",F,2023-06-21,"North Dakota",Desktop,0,NULL,NULL
549,"Lawrence Trevino",F,2024-01-06,Vermont,Mobile,2,1286.91,2024-04-06
550,"Mike Church",M,2024-04-29,Connecticut,Desktop,1,545.35,2024-09-23
551,"Susan Richardson",M,2024-09-16,Wisconsin,Mobile,2,1052.62,2025-03-23
552,"Sherry Vega",M,2024-02-11,Idaho,Desktop,1,761.95,2024-09-09
553,"Misty Tucker",F,2022-10-28,Georgia,Mobile,2,1742.30,2024-12-06
554,"Paul Erickson",F,2024-03-01,Tennessee,Desktop,4,2723.71,2024-03-01
555,"Michael Smith",M,2025-03-18,Virginia,Tablet,2,790.49,2025-04-08
556,"Donna Johnson",M,2025-05-05,Utah,Mobile,1,305.67,2024-03-11
557,"Stephen Nguyen",M,2025-04-25,Hawaii,Mobile,3,1882.89,2025-05-11
558,"Amy Baker",F,2024-05-14,"Rhode Island",Tablet,5,2451.31,2025-02-12
559,"Alan Hart",M,2022-09-10,"New York",Desktop,3,2156.52,2025-08-19
560,"Susan Jackson",M,2022-12-11,Louisiana,Desktop,2,522.07,2024-10-01
561,"Jamie Brown",M,2023-12-19,Nevada,Desktop,2,645.91,2025-07-25
562,"Erin Fletcher",M,2023-09-13,"Rhode Island",Desktop,0,NULL,NULL
563,"Justin Robbins",M,2025-04-15,"Rhode Island",Desktop,1,342.06,2023-10-28
564,"Candace Mason",M,2023-07-22,Maryland,Desktop,1,118.02,2023-09-05
565,"Sergio Miller",M,2024-12-11,Georgia,Mobile,3,1190.61,2025-04-03
566,"Bridget Greer",F,2023-11-26,Florida,Mobile,3,1503.95,2024-11-18
567,"Justin Allen",M,2023-02-05,Maryland,Tablet,1,612.79,2024-04-13
568,"Thomas Allen",F,2022-11-05,"West Virginia",Mobile,2,713.95,2025-04-29
569,"Andrew Torres",F,2023-01-10,Wyoming,Desktop,0,NULL,NULL
570,"Kendra Cooper",M,2024-05-21,"New Jersey",Tablet,2,1201.64,2024-10-19
571,"Eric Sanchez",M,2024-11-22,Minnesota,Tablet,3,1758.29,2025-06-21
572,"David Black",M,2023-06-09,Florida,Tablet,2,1191.23,2025-03-16
573,"Charles Oconnor",F,2023-04-15,"South Carolina",Tablet,1,217.23,2025-04-21
574,"Michael Butler",M,2024-05-06,Colorado,Desktop,0,NULL,NULL
575,"Sean Freeman",F,2024-06-02,Connecticut,Mobile,2,588.65,2024-10-08
576,"Rhonda Morris",F,2023-04-30,Washington,Mobile,0,NULL,NULL
577,"Stephen Miller",M,2024-07-26,Wisconsin,Tablet,3,1684.66,2024-04-27
578,"Lori Jones",M,2023-09-19,Kansas,Mobile,3,910.14,2025-07-06
579,"Matthew Glass",M,2023-03-30,Texas,Tablet,1,563.50,2025-05-29
580,"Eric Gregory",F,2024-01-10,Iowa,Tablet,3,1843.98,2025-04-27
581,"Barbara Lutz",F,2025-06-26,"Rhode Island",Tablet,2,1002.57,2024-07-25
582,"Marvin Singh",M,2024-07-10,California,Mobile,4,1672.10,2024-10-30
583,"Kevin Harrison",F,2025-06-25,Oregon,Tablet,1,826.67,2025-05-12
584,"James Johnson",M,2023-06-18,Kentucky,Desktop,0,NULL,NULL
585,"Paul Leblanc",F,2024-10-21,Kentucky,Desktop,3,1360.18,2025-02-26
586,"Anthony Hudson",M,2023-11-15,Massachusetts,Desktop,3,1905.45,2025-06-28
587,"Wendy Nelson",F,2024-12-04,Idaho,Tablet,3,1233.07,2025-04-18
588,"Tyler Johnston",F,2024-05-21,"North Dakota",Desktop,1,995.47,2024-03-22
589,"Bridget Smith",M,2025-06-20,"Rhode Island",Desktop,2,804.31,2024-09-23
590,"Ricardo Mcpherson",M,2024-03-16,Iowa,Tablet,2,681.09,2025-07-19
591,"Darren Foster",F,2022-11-27,"South Dakota",Tablet,2,1838.98,2024-12-12
592,"Kevin Duncan",F,2023-03-28,Indiana,Tablet,0,NULL,NULL
593,"Jeffrey Harris",M,2023-04-24,Washington,Desktop,4,2716.05,2025-04-29
594,"Corey Conrad",F,2023-08-21,"South Dakota",Desktop,2,892.47,2024-05-29
595,"Dana Davis",F,2022-10-01,Ohio,Tablet,0,NULL,NULL
596,"Nancy Graham DVM",F,2023-10-31,Michigan,Desktop,1,87.59,2024-11-14
597,"Scott Chavez",M,2025-03-01,Washington,Mobile,1,160.50,2025-08-12
598,"Angela Smith",F,2025-06-16,"New Hampshire",Tablet,2,1204.79,2025-06-07
599,"Theresa Day",M,2024-12-23,Nevada,Desktop,4,1072.42,2025-04-04
600,"John Atkinson",M,2024-10-18,Connecticut,Mobile,5,2430.47,2025-05-09
601,"Bonnie Lucero",F,2024-11-21,Idaho,Mobile,1,344.19,2024-10-22
602,"David Johnston",M,2024-09-08,Massachusetts,Desktop,0,NULL,NULL
603,"Marc Hahn",M,2022-11-18,Florida,Desktop,1,159.59,2024-12-10
604,"Claudia Morris",F,2025-04-04,Florida,Tablet,3,1316.73,2025-07-20
605,"Keith Armstrong",M,2023-06-19,"South Dakota",Tablet,3,1023.38,2025-05-21
606,"Katie White",M,2024-06-14,Maine,Tablet,3,1530.27,2025-06-09
607,"Carla Hall",M,2024-06-18,"West Virginia",Desktop,2,1275.16,2023-09-26
608,"Jennifer Smith",F,2024-11-09,Missouri,Mobile,2,752.87,2024-11-10
609,"Sheila Zavala",M,2024-08-01,Colorado,Tablet,2,495.20,2024-07-30
610,"Rachael Miller",F,2024-08-04,Hawaii,Tablet,2,1582.55,2025-01-04
611,"Bobby Robinson",F,2024-09-02,Iowa,Desktop,0,NULL,NULL
612,"Pamela Bennett",M,2024-12-13,"West Virginia",Mobile,3,2216.55,2023-10-27
613,"Daniel Fuller",F,2024-04-01,"South Dakota",Mobile,4,770.79,2025-04-04
614,"Jennifer Turner",M,2023-11-05,Utah,Tablet,2,1303.00,2025-04-19
615,"Bradley Macias",F,2024-10-21,Arkansas,Mobile,4,1427.53,2025-07-08
616,"Sarah Edwards",M,2024-11-09,Arizona,Desktop,3,576.17,2025-06-01
617,"Bruce Wilson",F,2024-05-03,Washington,Tablet,2,764.03,2024-11-25
618,"Mark Glass",M,2025-02-22,Kentucky,Mobile,4,2009.98,2025-05-23
619,"Emily Griffin",M,2024-03-19,Utah,Desktop,0,NULL,NULL
620,"Maureen Bell",F,2022-10-21,Ohio,Tablet,0,NULL,NULL
621,"Deborah Key",F,2024-07-17,Ohio,Mobile,2,861.90,2024-06-15
622,"Theodore Hudson",M,2023-05-25,"North Dakota",Tablet,1,166.39,2024-10-09
623,"Crystal Sanchez",M,2024-03-10,Utah,Desktop,2,1133.40,2025-05-30
624,"Deborah Perkins",F,2024-05-21,Illinois,Tablet,5,3742.04,2025-04-30
625,"James Maynard",M,2024-08-15,Oregon,Tablet,1,885.61,2024-07-19
626,"Chelsea Andrews",F,2024-11-25,"West Virginia",Mobile,1,282.82,2024-09-20
627,"Chelsea Harrison",M,2024-12-21,Louisiana,Desktop,2,862.25,2025-02-28
628,"Deborah Davis",F,2023-01-24,Virginia,Mobile,3,2032.17,2024-07-09
629,"Caleb Morales",M,2023-08-29,Connecticut,Tablet,2,336.03,2024-12-28
630,"Darius Johnson",M,2024-09-22,Colorado,Desktop,1,388.91,2023-12-11
631,"Thomas Adams",F,2022-10-01,"North Carolina",Tablet,1,244.77,2024-01-31
632,"Amanda Sanchez",M,2023-12-10,Maine,Mobile,1,49.62,2024-05-04
633,"Vicki Osborne",F,2024-03-15,Florida,Mobile,4,1569.44,2025-07-27
634,"Kenneth Smith",M,2024-07-21,Delaware,Tablet,4,1070.81,2025-05-17
635,"Lucas Bailey",F,2024-07-29,California,Tablet,3,1335.67,2025-02-06
636,"Susan Middleton",M,2024-02-26,Texas,Desktop,0,NULL,NULL
637,"Carolyn Coleman",F,2023-03-14,Utah,Tablet,2,480.98,2025-01-15
638,"Eric Taylor",M,2024-11-15,Kansas,Mobile,2,904.27,2025-07-12
639,"Jeremy Vega",F,2023-02-01,Texas,Tablet,0,NULL,NULL
640,"Leslie West",M,2024-12-23,Oregon,Tablet,2,1330.42,2025-08-02
641,"Zachary Thompson",M,2025-03-18,Maine,Desktop,1,148.73,2023-10-28
642,"Jeff Woods",F,2023-04-26,Virginia,Tablet,3,2262.44,2025-07-09
643,"Francisco Lopez",F,2025-07-03,Wisconsin,Desktop,1,723.00,2025-05-06
644,"Debra Velez",F,2025-06-07,California,Desktop,2,922.82,2024-10-23
645,"Jessica Smith",F,2024-03-06,Wisconsin,Tablet,2,1004.46,2025-07-06
646,"Jonathan Hernandez Jr.",M,2023-03-07,Connecticut,Desktop,6,2627.69,2025-05-29
647,"Cassandra Ford",M,2024-07-23,Oregon,Mobile,1,337.27,2024-10-01
648,"Mark Shields",F,2024-07-17,Texas,Desktop,4,2408.09,2024-04-03
649,"Michael Davis",M,2025-07-13,Florida,Tablet,3,2319.34,2025-08-06
650,"Christina Jones",F,2025-02-05,Vermont,Desktop,3,1972.50,2024-05-19
651,"Robert Armstrong",F,2024-08-22,Utah,Desktop,0,NULL,NULL
652,"Melissa Rojas",F,2022-11-06,Hawaii,Tablet,2,1799.24,2025-03-14
653,"Richard Huber",F,2024-04-13,"South Dakota",Tablet,1,727.95,2024-05-27
654,"Tyler Finley",M,2023-02-25,Texas,Tablet,1,626.69,2025-03-01
655,"Jamie Williams",F,2024-05-11,Arkansas,Desktop,3,1605.53,2024-09-09
656,"Scott Morgan",F,2024-01-21,California,Mobile,3,1435.28,2025-05-25
657,"Rachel Mccormick",M,2024-11-17,Texas,Desktop,2,637.70,2025-05-21
658,"Nicholas Walker",F,2023-11-09,Texas,Desktop,4,2494.10,2025-06-15
659,"Kevin Odom",M,2024-06-20,"New Mexico",Mobile,2,1487.93,2024-05-11
660,"Ronald Allen",M,2023-04-15,"New Jersey",Mobile,0,NULL,NULL
661,"Allen Holt",F,2023-04-15,Indiana,Desktop,0,NULL,NULL
662,"David Butler",F,2022-09-19,Ohio,Desktop,3,1549.69,2025-08-26
663,"Lisa Rice",F,2024-01-17,"North Dakota",Mobile,4,2204.70,2025-08-14
664,"Paula Nguyen",M,2024-10-19,Oklahoma,Desktop,2,1264.95,2025-08-06
665,"Patricia Anderson",F,2023-11-17,Georgia,Tablet,3,2353.46,2025-06-19
666,"Denise Scott",M,2024-10-11,Idaho,Desktop,3,1338.56,2025-02-16
667,"Mary Tucker",M,2023-01-02,Alabama,Desktop,0,NULL,NULL
668,"Deanna Aguilar",F,2023-08-25,Oregon,Desktop,1,702.07,2024-01-16
669,"Kathy Moore",F,2023-08-01,Pennsylvania,Desktop,1,463.97,2024-02-10
670,"David Dunn",M,2024-11-03,Florida,Mobile,1,185.75,2024-05-07
671,"Justin Walter",F,2022-10-26,Montana,Desktop,3,1337.80,2025-01-19
672,"Shari Freeman",F,2023-10-15,Maine,Desktop,3,1149.63,2025-04-19
673,"Emily Stone",M,2024-06-13,Georgia,Tablet,1,193.30,2024-04-13
674,"Evan Mccullough",M,2025-01-22,Virginia,Tablet,2,949.20,2025-06-26
675,"Natalie Hinton",F,2024-12-17,"New Hampshire",Tablet,5,1727.29,2025-05-10
676,"Kevin Richardson",F,2023-03-15,Wisconsin,Tablet,3,2259.05,2025-05-04
677,"Jonathan Fitzpatrick",F,2023-10-16,Pennsylvania,Tablet,1,771.80,2025-06-29
678,"Michael Kline",M,2024-07-17,Illinois,Mobile,2,1327.38,2025-05-15
679,"Lisa Dunn",M,2023-12-18,"New Jersey",Tablet,2,902.17,2025-06-07
680,"Brenda Jackson",M,2023-03-14,Wyoming,Desktop,4,2056.82,2024-09-29
681,"Angela Lopez",F,2022-10-26,Delaware,Tablet,0,NULL,NULL
682,"Christian Wilkins",M,2023-09-29,Utah,Desktop,2,753.99,2024-02-06
683,"Brendan Williams",M,2023-10-11,Connecticut,Tablet,1,465.91,2025-07-04
684,"Daniel Morris",F,2024-02-29,Hawaii,Mobile,1,684.80,2024-03-27
685,"William Lindsey",M,2025-07-03,Oregon,Tablet,3,1527.45,2025-04-13
686,"Michael Garcia",M,2024-07-30,Tennessee,Mobile,3,1850.26,2025-06-17
687,"Mr. Daniel Malone MD",F,2025-02-10,"South Carolina",Mobile,2,1802.26,2025-03-17
688,"James White",M,2024-03-22,Maryland,Desktop,2,481.62,2024-05-23
689,"Meagan Ramos",M,2023-08-09,"New Jersey",Desktop,5,1339.80,2024-08-20
690,"Jessica Butler",M,2022-12-24,Louisiana,Mobile,2,582.03,2024-06-28
691,"Marcus Simon",M,2025-07-30,Georgia,Desktop,2,282.76,2025-01-23
692,"Melissa Hill",M,2025-04-09,Louisiana,Mobile,2,1508.61,2025-01-13
693,"Ashley Ross",F,2024-04-15,Hawaii,Desktop,3,2095.73,2025-07-06
694,"Ashley Jones",M,2024-12-05,Utah,Mobile,2,1152.28,2025-01-09
695,"Adriana Alvarez",F,2022-12-12,Nebraska,Mobile,2,1642.92,2025-02-26
696,"Kelly Dean",M,2025-05-13,Wyoming,Desktop,2,56.70,2025-08-16
697,"Samantha Oconnell MD",F,2023-08-02,Maine,Desktop,4,1909.15,2025-04-18
698,"Zachary Hanson",F,2023-09-02,"New Jersey",Mobile,3,1595.06,2024-11-13
699,"Brian Williams",M,2024-03-30,Wisconsin,Desktop,3,1498.80,2025-06-07
700,"Ryan Robinson",F,2023-06-13,"New Hampshire",Desktop,1,879.38,2025-01-19
701,"Anthony Pace",M,2024-10-21,Colorado,Mobile,1,696.70,2025-06-13
702,"Amy Wilson",F,2025-07-04,Washington,Tablet,2,1497.91,2025-01-19
703,"Felicia Hammond",M,2025-02-20,Oregon,Desktop,0,NULL,NULL
704,"Jennifer Murray",M,2023-10-19,Wisconsin,Mobile,0,NULL,NULL
705,"Tracy Hayden",M,2022-11-20,"New Hampshire",Tablet,1,830.78,2024-12-14
706,"Miguel Rivera",F,2023-08-08,Nebraska,Desktop,3,1781.45,2024-11-11
707,"Laurie Gross",F,2024-08-04,"Rhode Island",Desktop,2,312.18,2025-04-25
708,"Annette Ford",M,2023-02-22,Nebraska,Mobile,5,2156.38,2025-07-26
709,"Katherine Koch",M,2025-04-29,Nebraska,Desktop,2,454.11,2025-02-17
710,"Andrew Lloyd",F,2025-04-24,Michigan,Mobile,3,1128.27,2025-03-10
711,"Kayla Ho",F,2025-04-29,Idaho,Desktop,1,849.35,2024-06-10
712,"Nathaniel Johnson",M,2023-02-11,"South Carolina",Desktop,1,732.70,2025-04-26
713,"Leslie Spencer",F,2023-01-15,Idaho,Desktop,5,2167.04,2024-10-31
714,"Melissa Klein",F,2024-01-09,California,Desktop,0,NULL,NULL
715,"Elijah Gill",F,2023-05-04,Oregon,Desktop,0,NULL,NULL
716,"Andrew Patton",M,2023-11-25,Oklahoma,Tablet,2,1546.29,2025-07-23
717,"Austin Hernandez",F,2022-11-17,Arkansas,Mobile,5,3969.69,2025-06-11
718,"Shannon Harris",F,2024-02-20,"West Virginia",Mobile,3,2329.26,2025-02-12
719,"Richard Stone",F,2025-03-03,Arkansas,Desktop,2,1110.26,2024-03-02
720,"Cynthia Shah",F,2023-03-19,Minnesota,Tablet,3,1216.03,2025-06-26
721,"Linda Frye",M,2023-12-17,Ohio,Desktop,3,1529.06,2024-12-29
722,"Amber Hawkins",F,2025-03-13,Oregon,Mobile,2,1352.90,2023-12-04
723,"Douglas Shepherd",M,2024-02-07,Mississippi,Desktop,1,359.64,2025-02-01
724,"Jason Sims",F,2024-05-27,Oklahoma,Mobile,4,1615.45,2024-08-27
725,"Troy Johnson",F,2025-04-06,"New Mexico",Tablet,2,699.57,2025-04-22
726,"Jennifer Reid",M,2023-05-16,Colorado,Desktop,1,869.47,2025-05-16
727,"Jacqueline Sullivan",M,2023-11-21,Kentucky,Tablet,4,2651.37,2024-08-21
728,"Michelle Rose",F,2023-05-24,"South Dakota",Mobile,2,845.78,2025-02-08
729,"Renee Parsons",F,2024-06-03,"South Carolina",Desktop,3,1117.22,2024-05-15
730,"John Baxter",M,2023-10-10,Tennessee,Desktop,0,NULL,NULL
731,"Megan Clark",F,2024-04-01,Delaware,Tablet,2,998.53,2024-01-18
732,"Kevin Liu",M,2024-09-20,Georgia,Mobile,3,1790.50,2025-01-22
733,"John Nash",F,2024-07-04,Michigan,Desktop,3,412.81,2025-04-27
734,"Kevin Smith",F,2024-01-23,Massachusetts,Desktop,1,208.50,2024-05-10
735,"Sarah Harrell",F,2023-12-12,"New Mexico",Desktop,1,874.66,2024-05-17
736,"Joseph Pratt",M,2023-08-20,Florida,Desktop,2,536.64,2025-05-20
737,"Terri Savage",M,2024-11-18,"New York",Tablet,0,NULL,NULL
738,"Stephanie Long",M,2022-09-01,Vermont,Desktop,3,1313.06,2024-10-25
739,"Ruth Cooper",F,2023-04-16,Alabama,Tablet,2,1169.05,2025-01-06
740,"Wesley Lozano",M,2025-08-21,California,Desktop,0,NULL,NULL
741,"Brendan Nixon",F,2023-10-07,Delaware,Desktop,0,NULL,NULL
742,"Veronica Jones",F,2025-07-25,Michigan,Mobile,3,1319.14,2025-05-23
743,"Jennifer Lopez",F,2024-05-28,Virginia,Desktop,3,1574.88,2025-06-27
744,"Robert Owens",F,2025-08-13,Tennessee,Tablet,1,159.99,2023-09-02
745,"Pamela Ward",F,2025-02-25,Hawaii,Mobile,3,1931.40,2025-01-28
746,"Edward Hawkins",M,2023-09-27,Connecticut,Desktop,3,1422.60,2025-05-17
747,"Maria Ellis",M,2023-01-19,California,Mobile,0,NULL,NULL
748,"Melissa Forbes",M,2023-02-07,Indiana,Mobile,4,2545.47,2024-06-12
749,"Ashley Acevedo",F,2024-12-30,Kentucky,Desktop,3,1175.21,2024-09-01
750,"Justin Scott",M,2024-10-23,Georgia,Mobile,4,2024.78,2024-06-01
751,"Elizabeth Brandt",F,2022-12-29,Mississippi,Desktop,0,NULL,NULL
752,"Michael Jacobs",F,2024-08-23,Maryland,Tablet,0,NULL,NULL
753,"Thomas Barnett",M,2022-09-27,Oklahoma,Mobile,2,551.75,2025-03-03
754,"Brittany Ramirez",F,2025-05-26,Texas,Desktop,1,994.51,2024-04-21
755,"Kevin Campos",M,2024-08-25,Colorado,Mobile,2,756.28,2025-07-07
756,"Patrick Ross",M,2025-07-29,Nevada,Tablet,2,1447.94,2024-09-07
757,"Jacob Caldwell",F,2024-02-12,"North Carolina",Tablet,2,1227.27,2024-06-28
758,"Edgar Patterson",M,2024-01-03,Nevada,Mobile,5,2738.62,2025-05-17
759,"Steven Parrish",F,2023-07-02,Iowa,Mobile,0,NULL,NULL
760,"Jacob Anderson",F,2024-11-16,Minnesota,Tablet,2,1374.60,2025-06-23
761,"Justin Lee",F,2024-08-03,Michigan,Desktop,3,1426.60,2023-12-11
762,"Carmen Brown",M,2023-04-27,Georgia,Desktop,2,1504.45,2025-07-09
763,"Michael Roberts",M,2023-10-24,Hawaii,Desktop,1,959.21,2024-08-01
764,"Angela Simon",M,2023-09-24,"North Dakota",Tablet,1,168.12,2024-10-06
765,"Andrew Hall",F,2025-05-18,Vermont,Desktop,2,1421.16,2024-11-22
766,"Debra Harrison",M,2025-06-03,"New Mexico",Tablet,1,901.09,2024-07-01
767,"Kimberly Gilbert",F,2025-05-15,California,Desktop,2,1048.11,2025-01-09
768,"Patricia Brown",F,2022-09-11,"New Hampshire",Mobile,2,599.22,2025-07-07
769,"Brenda Johnson",M,2025-04-27,California,Desktop,1,240.49,2024-11-14
770,"Kristen Smith",F,2022-11-22,California,Tablet,2,1437.34,2025-07-22
771,"Jesse Bowen",F,2023-08-29,Iowa,Desktop,1,113.58,2023-09-27
772,"Crystal Shepherd",M,2023-06-14,Louisiana,Tablet,4,1937.01,2025-07-10
773,"Matthew Jones",M,2025-01-24,"North Dakota",Tablet,4,1809.36,2024-11-05
774,"Dave Austin",F,2025-03-03,Arkansas,Mobile,3,1768.56,2025-07-02
775,"Kyle Sullivan",M,2024-08-17,Mississippi,Tablet,1,312.69,2024-11-15
776,"Stephanie Clark",M,2025-05-31,Indiana,Mobile,3,1211.98,2025-08-26
777,"Laura Ramirez",F,2024-10-28,Massachusetts,Tablet,1,413.59,2024-07-05
778,"Michael Miles",M,2024-02-13,Indiana,Tablet,3,1409.21,2025-07-09
779,"Angela Flynn",F,2024-01-29,Ohio,Desktop,1,153.46,2025-06-06
780,"Patricia Gonzalez",M,2025-06-12,Kentucky,Desktop,5,1937.05,2025-07-03
781,"Christina Hunter",F,2025-01-06,California,Mobile,1,112.29,2023-12-06
782,"Michael Banks",M,2023-06-16,Texas,Mobile,2,1361.17,2025-05-31
783,"Darlene Eaton",M,2024-03-15,"South Dakota",Tablet,2,1361.69,2025-07-17
784,"Linda Murphy",M,2024-12-30,Nebraska,Desktop,3,2180.12,2025-02-20
785,"Paul Powell",F,2023-06-19,Ohio,Desktop,2,1234.97,2024-10-24
786,"Stephanie Walker",M,2024-05-01,Colorado,Tablet,4,1864.43,2025-08-18
787,"Mackenzie Stein",F,2024-03-30,Idaho,Tablet,0,NULL,NULL
788,"Robert Parker",F,2024-10-27,Virginia,Tablet,2,927.52,2025-08-28
789,"Jerry Waller",F,2025-06-04,"New Hampshire",Tablet,0,NULL,NULL
790,"Dr. Mandy Harris",F,2023-10-07,Connecticut,Desktop,5,2256.23,2024-09-28
791,"Shannon Johnson",F,2024-06-29,Washington,Tablet,1,168.32,2025-01-15
792,"Rachel Rivera",M,2024-10-25,"New Jersey",Tablet,1,470.43,2024-06-03
793,"Susan Francis",M,2022-12-25,Michigan,Tablet,3,2531.65,2025-08-14
794,"Robert Porter",M,2024-02-25,"North Dakota",Tablet,2,354.61,2024-12-23
795,"Michelle Rocha",F,2025-03-30,Vermont,Desktop,3,1742.19,2025-05-12
796,"Jose Weber",F,2024-03-23,Maine,Desktop,3,2360.08,2025-03-06
797,"Elizabeth Mejia",M,2024-08-02,Florida,Desktop,1,67.61,2024-10-30
798,"Brenda Bradley",M,2024-12-18,Maine,Mobile,0,NULL,NULL
799,"Melissa Fox",F,2024-12-24,Montana,Tablet,3,1226.75,2025-04-05
800,"Curtis Williams",F,2024-08-02,Nebraska,Mobile,0,NULL,NULL
801,"Jeffrey Jones",F,2025-05-29,Michigan,Mobile,1,235.69,2025-07-17
802,"Mason Roth",M,2025-05-13,Hawaii,Tablet,2,1346.11,2025-05-15
803,"Brenda Coleman",M,2024-02-13,Wisconsin,Tablet,0,NULL,NULL
804,"Jack Hernandez",F,2024-03-13,Oklahoma,Desktop,3,1950.70,2025-03-13
805,"Teresa Kelly",M,2024-12-20,Arizona,Desktop,1,974.33,2025-07-01
806,"Erika Case",M,2025-05-29,California,Mobile,3,1376.38,2025-01-25
807,"Teresa Ryan",F,2025-08-01,"New Mexico",Desktop,1,468.69,2023-10-28
808,"Christopher Peterson",F,2023-04-05,Indiana,Desktop,3,699.54,2025-08-03
809,"Dr. Patrick Stanton",M,2022-09-29,Oklahoma,Tablet,2,1172.83,2025-04-13
810,"Jennifer Kelly",F,2023-03-02,"Rhode Island",Mobile,1,808.35,2024-04-28
811,"Jack Schultz",M,2023-02-16,Michigan,Tablet,3,1325.73,2025-03-17
812,"Sabrina Wright",M,2025-06-29,Wyoming,Tablet,1,330.38,2024-05-13
813,"Aaron Terry",M,2025-06-05,Tennessee,Desktop,1,884.76,2024-10-26
814,"Brandon Frazier",M,2022-11-09,Arizona,Tablet,1,600.57,2025-01-23
815,"Stacie Paul",M,2023-09-23,Washington,Tablet,3,839.42,2025-03-23
816,"Karen Williams",F,2023-11-24,Mississippi,Desktop,3,553.84,2025-06-10
817,"Craig Greene",F,2025-08-17,Georgia,Desktop,2,632.82,2025-01-04
818,"Crystal Novak",F,2023-03-25,Oklahoma,Tablet,1,454.96,2024-05-06
819,"Carolyn Dunn",F,2025-03-03,Idaho,Mobile,2,317.60,2024-04-20
820,"Gregory Baker",M,2022-12-28,"New Mexico",Tablet,0,NULL,NULL
821,"Rebecca Roman",F,2022-12-22,Alabama,Tablet,2,1088.07,2024-10-02
822,"Allison Nash",F,2024-01-02,Arkansas,Mobile,2,576.65,2024-12-06
823,"Dr. Angela Burns MD",M,2024-11-22,Colorado,Mobile,0,NULL,NULL
824,"Elizabeth Warren",M,2022-12-10,Nevada,Desktop,1,811.08,2025-07-22
825,"Mark White",F,2023-03-26,Massachusetts,Tablet,3,1071.15,2025-06-23
826,"Jackson Munoz",F,2025-05-08,Michigan,Tablet,2,612.68,2024-05-11
827,"Meghan Barry",F,2025-04-17,Alabama,Tablet,3,1157.61,2025-02-07
828,"Hannah Castro",M,2023-12-10,"South Carolina",Tablet,1,734.22,2024-03-06
829,"Michael Campbell",M,2024-03-03,Vermont,Mobile,4,1559.24,2025-06-18
830,"Christopher Cannon",F,2025-01-09,"South Carolina",Mobile,2,1063.50,2024-08-02
831,"Elaine Scott",F,2025-04-08,Connecticut,Tablet,2,1450.55,2025-05-16
832,"Allen Walker",M,2025-06-08,Illinois,Tablet,1,75.51,2024-06-07
833,"Lisa Payne",F,2025-06-08,"West Virginia",Desktop,4,1465.76,2025-08-09
834,"Stephen Miller",M,2024-10-20,Maine,Desktop,5,2018.74,2025-01-01
835,"Ronald Ellis",M,2023-08-15,Pennsylvania,Tablet,1,153.30,2024-07-20
836,"Jennifer Martin",M,2024-09-15,Alaska,Mobile,2,1436.70,2024-02-25
837,"Christian Payne",M,2024-09-11,Wisconsin,Mobile,1,257.74,2023-10-02
838,"Kathy Armstrong",F,2024-03-16,Illinois,Tablet,2,1112.93,2025-08-17
839,"Timothy Jones",M,2024-05-11,"New Hampshire",Mobile,3,2333.13,2025-01-22
840,"Nancy Miller",F,2022-12-07,Arkansas,Mobile,1,632.93,2024-02-16
841,"Kimberly Roberts",M,2022-10-16,Nevada,Desktop,2,1215.42,2025-08-12
842,"Jose Hill",M,2023-02-16,Georgia,Desktop,1,19.27,2025-01-17
843,"Victoria Kelly",M,2024-06-23,Arkansas,Tablet,2,1674.21,2024-06-23
844,"Deborah Randall",M,2024-08-04,Hawaii,Tablet,0,NULL,NULL
845,"Roger Porter",F,2022-10-31,Georgia,Mobile,0,NULL,NULL
846,"Monica Lynch",F,2024-06-20,Oregon,Tablet,4,2116.79,2025-04-25
847,"Holly Austin",F,2024-01-03,"New York",Tablet,1,835.39,2025-05-12
848,"Richard Morrow",F,2023-12-26,Washington,Desktop,0,NULL,NULL
849,"Larry Armstrong",F,2025-03-18,"New Mexico",Desktop,3,1103.96,2025-04-22
850,"Amanda Graham",F,2024-10-31,"New Hampshire",Desktop,0,NULL,NULL
851,"Douglas Schultz",M,2025-08-15,Wisconsin,Tablet,1,254.21,2025-05-31
852,"Andrew Morrison",M,2024-01-13,Florida,Tablet,4,2200.60,2024-09-03
853,"Jacob Walker",M,2023-04-15,"South Dakota",Mobile,2,833.84,2025-04-10
854,"Samantha Liu",F,2024-05-14,Minnesota,Mobile,2,1686.49,2024-12-28
855,"Miguel Salazar",M,2024-08-15,Wyoming,Desktop,5,3140.57,2025-07-01
856,"Latoya Buchanan",M,2023-10-29,Missouri,Mobile,1,235.83,2024-02-16
857,"Scott Bruce",M,2022-11-02,California,Mobile,0,NULL,NULL
858,"Brian Manning",F,2025-03-05,Kentucky,Tablet,5,2984.49,2025-08-14
859,"Mrs. Andrea Howard",F,2025-05-22,Ohio,Mobile,3,1178.65,2025-03-31
860,"Edwin Swanson",M,2024-10-04,Missouri,Mobile,1,283.46,2024-12-24
861,"Tim Rogers",M,2025-01-17,Montana,Mobile,1,992.75,2024-08-15
862,"Kimberly Dean",F,2024-03-31,Massachusetts,Tablet,2,576.05,2024-01-30
863,"Anita Morales",F,2023-12-07,"South Dakota",Tablet,1,586.38,2023-10-29
864,"Eric Price",F,2023-08-13,Michigan,Tablet,1,192.60,2023-09-14
865,"Bruce Jenkins",M,2024-03-26,Virginia,Tablet,2,1302.59,2025-05-02
866,"Heidi Hill",M,2024-09-11,"Rhode Island",Mobile,1,273.62,2025-07-30
867,"Kevin Price",M,2023-07-09,Wyoming,Mobile,0,NULL,NULL
868,"Tami Morgan",M,2022-10-27,Idaho,Tablet,2,1592.73,2024-05-24
869,"Mr. Mike Smith",M,2024-10-22,Washington,Tablet,1,798.09,2024-08-02
870,"Courtney Diaz",M,2023-12-30,"New Jersey",Desktop,0,NULL,NULL
871,"Maurice Martinez",F,2024-12-26,"South Carolina",Mobile,3,631.74,2025-06-26
872,"Christopher Young",M,2022-10-30,Alabama,Mobile,3,1412.09,2025-03-14
873,"Andrew Miller",F,2023-10-25,Maine,Desktop,2,1510.85,2025-06-15
874,"Emma Johnson",F,2025-05-28,Alaska,Tablet,0,NULL,NULL
875,"Melissa Stewart",M,2025-06-05,Ohio,Mobile,0,NULL,NULL
876,"Ethan Green",F,2024-09-30,Utah,Desktop,2,803.26,2025-03-26
877,"Lori Brown",M,2023-10-21,Tennessee,Desktop,0,NULL,NULL
878,"Sara Frazier",M,2025-02-24,Michigan,Mobile,0,NULL,NULL
879,"Brianna Stein",F,2025-01-20,Pennsylvania,Tablet,2,1491.95,2025-06-27
880,"Victoria Matthews",F,2023-12-04,Virginia,Mobile,4,2966.24,2025-07-21
881,"Michael Anderson",M,2024-04-09,Pennsylvania,Desktop,6,3456.19,2025-07-23
882,"Robert Barton",M,2022-10-04,"New Mexico",Desktop,1,285.51,2024-11-06
883,"John Gaines",F,2022-10-05,Oklahoma,Mobile,1,131.51,2025-03-08
884,"Gary Mason",M,2023-07-20,Michigan,Desktop,2,417.36,2025-07-12
885,"Scott Chandler",M,2023-10-16,Wyoming,Tablet,1,847.66,2023-12-17
886,"Maria Wiggins",M,2024-11-09,Virginia,Desktop,2,932.31,2024-08-11
887,"Kristen Mercer",M,2023-02-25,Kentucky,Desktop,0,NULL,NULL
888,"Brian Brewer",M,2023-12-02,"New Mexico",Mobile,3,1563.70,2025-07-07
889,"Matthew Lara",M,2024-10-21,Kentucky,Desktop,2,1151.51,2025-02-12
890,"Kenneth Webster",M,2025-08-30,Alaska,Tablet,1,691.82,2023-10-28
891,"Miranda Crawford",M,2025-06-15,Arkansas,Mobile,2,1025.85,2025-05-02
892,"Cameron Gray",M,2023-07-15,Utah,Tablet,1,494.73,2023-09-20
893,"Ethan Hill",F,2023-04-18,Wyoming,Mobile,1,892.99,2024-10-12
894,"Laura Martin",M,2023-04-08,Missouri,Mobile,0,NULL,NULL
895,"Maria Conley",M,2025-06-04,Minnesota,Tablet,4,2551.50,2025-04-25
896,"Michelle Brown",M,2024-04-22,"North Carolina",Tablet,2,856.13,2025-07-14
897,"Dr. Denise Richard",M,2024-12-11,Kansas,Mobile,2,577.67,2024-01-05
898,"Michelle Walker",M,2025-06-11,Montana,Mobile,3,2096.01,2025-08-13
899,"Joseph Blake",F,2024-07-02,Connecticut,Desktop,4,1301.21,2025-08-11
900,"Julie Pennington",F,2024-01-09,Kentucky,Tablet,3,1307.12,2025-04-05
901,"Amanda Lewis",M,2024-09-16,"South Dakota",Tablet,2,248.36,2024-05-04
902,"Maria Robles",M,2025-06-23,Maryland,Desktop,3,2173.84,2024-12-01
903,"Kathleen Ramirez",F,2022-11-03,Mississippi,Desktop,2,1203.29,2025-04-08
904,"Ashlee Burgess",M,2023-02-27,Indiana,Mobile,2,1702.31,2025-08-17
905,"Megan Fields",F,2023-08-10,Michigan,Tablet,0,NULL,NULL
906,"Pamela Rogers",M,2024-02-15,"South Carolina",Desktop,1,730.13,2024-10-19
907,"Mrs. Karen Wheeler",F,2024-03-11,Nevada,Tablet,4,2566.47,2025-07-15
908,"Kenneth Knox",F,2025-04-09,Alabama,Tablet,1,574.42,2024-01-10
909,"Corey West",F,2024-03-28,Illinois,Tablet,1,469.52,2023-12-10
910,"Angela Sullivan",M,2022-11-08,Indiana,Tablet,5,3084.20,2025-02-06
911,"Krista Yoder",F,2023-09-01,Mississippi,Mobile,1,455.43,2025-05-19
912,"Carrie Gonzalez",M,2025-08-18,Maine,Tablet,0,NULL,NULL
913,"Christopher Moreno",M,2024-10-20,Virginia,Mobile,1,452.38,2025-03-04
914,"Jeremy Thompson",F,2024-12-28,Virginia,Tablet,1,463.41,2025-04-09
915,"Jacob Hawkins",M,2024-01-15,"New Mexico",Mobile,2,1797.14,2024-10-17
916,"Erin Baxter",F,2024-12-26,Oklahoma,Tablet,3,1303.94,2024-10-17
917,"David Thornton",F,2025-07-27,Washington,Mobile,3,2018.33,2025-04-06
918,"Amanda Ingram",M,2022-10-01,Kansas,Mobile,1,188.80,2024-08-29
919,"Christine Hines",F,2023-05-16,"New York",Mobile,5,1901.30,2025-03-25
920,"John Castaneda",F,2023-03-08,Colorado,Desktop,4,1956.53,2025-08-23
921,"Mark Griffin",F,2025-07-03,Delaware,Tablet,2,1191.44,2025-08-29
922,"John Owens",M,2022-12-08,"Rhode Island",Tablet,1,217.37,2023-09-21
923,"Sabrina Flores",F,2023-03-24,Kentucky,Desktop,4,1992.27,2025-06-05
924,"Angela Curtis",F,2024-05-05,Maine,Mobile,4,1697.36,2024-04-03
925,"Katherine Miles",F,2024-05-22,Michigan,Desktop,1,212.19,2025-08-18
926,"Tammy Houston",F,2024-04-09,Kentucky,Mobile,2,1098.88,2025-05-27
927,"Daniel Kennedy",F,2024-09-13,Delaware,Mobile,4,1824.78,2025-07-17
928,"Matthew Gallagher",M,2025-01-24,Nevada,Mobile,3,1600.16,2025-05-18
929,"Mr. John Schmidt",M,2023-12-17,Wyoming,Desktop,4,1910.46,2025-07-12
930,"Mrs. Lauren Blair DVM",F,2025-08-14,Nevada,Tablet,2,1009.91,2024-11-03
931,"Kimberly Sandoval",M,2025-04-19,Georgia,Tablet,1,472.51,2024-11-21
932,"James Ramos",F,2024-04-17,"New Hampshire",Tablet,2,750.41,2024-03-26
933,"Pamela Bridges",M,2023-05-14,Arkansas,Desktop,1,880.90,2024-03-20
934,"Anne Melton",M,2025-04-27,Minnesota,Mobile,1,159.38,2025-04-16
935,"Kimberly Hampton",M,2025-01-25,Alabama,Mobile,1,343.53,2024-01-10
936,"Charlene Gonzalez",M,2022-10-14,Iowa,Desktop,1,594.11,2025-05-26
937,"Jasmine Snow",F,2024-04-13,Kansas,Mobile,2,1063.88,2024-12-13
938,"Samantha Orr",F,2022-10-26,Virginia,Mobile,2,1343.12,2024-07-02
939,"Jason Henry",M,2022-12-21,Maine,Desktop,6,2561.04,2025-05-11
940,"Stacey Castaneda",M,2023-12-31,Florida,Tablet,1,909.43,2025-06-13
941,"William Cook",F,2024-05-04,Maine,Mobile,2,704.47,2025-04-08
942,"Nicole Banks",F,2024-02-09,Indiana,Desktop,3,1336.42,2024-08-06
943,"Amanda Thomas",M,2024-12-11,Wyoming,Mobile,2,1566.37,2025-03-14
944,"Morgan Ramos",F,2022-12-16,Tennessee,Mobile,3,2035.83,2025-06-18
945,"Jeff Meadows",F,2023-03-02,"New Jersey",Desktop,1,167.52,2024-12-11
946,"Paul Farley",F,2024-04-14,Wyoming,Desktop,1,969.95,2024-05-01
947,"Brad Copeland",M,2025-03-01,Illinois,Desktop,2,1177.19,2025-01-01
948,"Rebecca Ramos",M,2024-01-05,Missouri,Desktop,6,4026.38,2025-03-20
949,"Michael Jenkins",M,2022-10-07,Hawaii,Mobile,4,955.59,2024-10-02
950,"Allen Wright",F,2023-03-15,"West Virginia",Tablet,1,20.17,2025-03-18
951,"Juan Vincent",M,2024-07-13,Michigan,Desktop,1,986.35,2024-01-15
952,"Dalton Blair",F,2024-11-08,"Rhode Island",Desktop,0,NULL,NULL
953,"Steven Pierce",M,2022-09-16,Indiana,Mobile,2,1240.03,2024-06-01
954,"Crystal Maldonado",F,2023-01-24,Hawaii,Mobile,1,817.02,2024-08-02
955,"Brian Calhoun",F,2024-06-28,Maryland,Mobile,1,262.43,2024-04-26
956,"Douglas Torres",M,2023-07-07,Kansas,Mobile,0,NULL,NULL
957,"James Johnson",M,2024-04-27,Michigan,Desktop,1,436.40,2025-07-02
958,"Alexander Gibson",F,2025-01-17,Florida,Desktop,1,808.30,2024-03-12
959,"Casey Maldonado",F,2024-01-09,Missouri,Mobile,2,1395.57,2024-09-07
960,"Nicole Cantrell",F,2024-06-24,Arizona,Mobile,2,1464.06,2024-02-13
961,"Brandon Gibson",M,2025-07-27,Nevada,Tablet,2,652.97,2025-04-07
962,"Thomas Vasquez",M,2024-04-03,Massachusetts,Mobile,1,502.55,2024-12-10
963,"Kelsey Spencer",M,2024-12-27,Arizona,Desktop,5,2045.61,2025-06-03
964,"David Collier",F,2024-04-17,"South Carolina",Desktop,3,677.05,2025-06-14
965,"Robert Walsh",M,2025-06-02,Indiana,Desktop,0,NULL,NULL
966,"John Smith",M,2023-03-13,Massachusetts,Mobile,3,1638.01,2025-08-15
967,"Brenda Smith",F,2025-04-12,"New Jersey",Mobile,3,1342.13,2024-11-08
968,"Patricia Nichols",M,2024-02-19,Minnesota,Mobile,4,891.36,2025-08-29
969,"John Sanchez",F,2023-10-17,"New Hampshire",Mobile,2,956.81,2025-02-28
970,"Danny Russo",F,2023-08-07,Illinois,Tablet,4,1535.50,2025-05-10
971,"Jerry Thompson",F,2023-05-15,Alaska,Mobile,1,154.18,2025-04-01
972,"Linda Ferguson",F,2023-02-12,Maine,Desktop,2,1194.90,2025-07-21
973,"Billy Ramirez",M,2023-08-25,Arkansas,Mobile,2,612.75,2024-03-06
974,"Christopher Mcdaniel",F,2022-11-19,Nebraska,Tablet,3,1694.17,2024-08-23
975,"William Bryant",F,2025-02-08,Missouri,Tablet,2,1021.46,2025-02-15
976,"Joseph Mcdowell",M,2024-10-29,"South Dakota",Mobile,1,467.50,2025-03-03
977,"Mr. Kevin Anderson",F,2024-07-29,"North Dakota",Mobile,4,2264.29,2025-04-23
978,"Jeremy Mendez",M,2025-06-18,"Rhode Island",Mobile,1,42.89,2023-11-13
979,"Keith Gibson",M,2025-02-22,Tennessee,Desktop,1,177.76,2025-08-03
980,"Todd Preston",F,2023-08-22,"South Carolina",Tablet,4,1721.97,2025-02-09
981,"David Henry",F,2025-01-06,Oregon,Desktop,3,982.14,2025-03-21
982,"Samantha Hill",F,2024-07-24,Massachusetts,Tablet,4,2293.15,2025-07-19
983,"Colleen Roth",M,2023-04-19,"West Virginia",Desktop,2,1231.41,2024-10-02
984,"Rhonda Estrada",F,2022-09-23,Arizona,Desktop,1,92.43,2025-05-29
985,"Karen Hebert",F,2023-07-24,"South Dakota",Mobile,2,967.35,2024-11-29
986,"Benjamin Kline",F,2022-10-14,Washington,Desktop,0,NULL,NULL
987,"Melanie Decker",M,2023-11-03,"Rhode Island",Mobile,1,300.01,2025-03-08
988,"Theresa Boyd",F,2023-12-18,Michigan,Mobile,2,1293.65,2025-06-27
989,"Caitlyn Pitts DVM",F,2025-01-13,Washington,Tablet,1,516.25,2024-07-01
990,"Jeffery Higgins",F,2024-09-15,Nevada,Tablet,3,1454.18,2025-02-27
991,"Melissa Andrade",F,2024-09-01,"Rhode Island",Tablet,0,NULL,NULL
992,"Amy Wagner",M,2023-09-30,Maine,Mobile,2,980.71,2025-08-17
993,"Michelle Fowler",F,2023-09-24,Oregon,Tablet,2,1395.71,2025-06-02
994,"Elizabeth Soto",M,2024-04-22,"Rhode Island",Tablet,1,661.36,2025-08-15
995,"Kristin Jenkins",F,2023-06-23,Delaware,Mobile,4,1311.73,2025-04-28
996,"Stephanie Chen",F,2024-01-13,Alaska,Desktop,2,203.73,2024-03-20
997,"Rachael Moreno",M,2025-03-18,Iowa,Mobile,0,NULL,NULL
998,"William Newman",F,2025-07-07,"North Carolina",Desktop,4,2138.65,2025-01-26
999,"Troy Carter",M,2025-03-15,"South Dakota",Desktop,5,2580.47,2025-08-31
1000,"Thomas Brown",F,2023-07-02,Missouri,Mobile,1,509.53,2024-10-18
